,sp_id,rp_id,seeker_post,response_post,reactions_level,rationales,explorations_level,interpretations_level,interpretations,reactions,explorations
0,5exngr,dafwzwz,"What is your experience?. For the past few months going back to last May 2016 I've been feeling different than normal. However, I don't know if I'm depressed or if it is something else. So my question is what does it feel like for you? How did you first realize that you were depressed?","I got really negative and lazy about life. I wasn't motivated to go to school and do my exams and I would stay up most nights with insomnia. I always assumed I was lazy, but I went into job seeking being optimistic and that quickly drove me to an attempted suicide - that's about when I realised. For most people, it's an overwhelming experience of emotions and negative thoughts about themselves, but depression comes in very different shapes and sizes.",0,,0,2,2,2,0
1,66qk13,dgky9gw,I wish everyday was rainy and dark so i could justify staying inside drinking and smoking all day. I dont like the spring sun,I've been that way since a toddler. Never wanted to go outside if it was sunny--only at night or on cloudy days. Still avoid sunlight to an unhealthy degree haha. My folks joke about how pale I am :} I'm seeing now that sunlight avoidance seems to be a common thread w/ depressed folks... at least in this sub. Odd since light therapy is a proven treatment for improving mood. I get horribly depressed every Spring so I feel like my brain is wired backward.,0,,0,2,2,2,1
2,aivjx4,eeqxjme,society trends are making me feel really super depressed?. please share some insight as to snap out of it. I think im not pretty :(,This seems like fishing for compliments...,0,,0,2,0,0,0
3,69wqun,dhbbr5j,The cruelest thing you can do to a person is give them hope. And then snatch it away.,"So true. Every time I think I've made a friend, a few weeks/months later, life is like, haha, gotcha! At this point I don't like trying. I want to cut off everyone (not that I have to try that hard, lol) and just be alone, but then when loneliness gets to me, it hurts physically and I hate that.",0,,0,2,2,1,1
4,70tokv,dn5yq9l,Skipped class today and feel like shit. Everyone in class prolly hates me anyways,"Nope, humans are naturally apathetic. If they noticed you're gone, it was likely a passing thing. You're golden trust me.",1,"Nope, humans are naturally apathetic. If they noticed you're gone, it was likely a passing thing. You're golden trust me.|",0,0,0,0,0
5,6i75r4,dj427ay,"Why take anti-depressants? I don't understand. Why? If you do, than you aren't yourself. I want to be myself. I don't want to be some drugged-up person who isn't really me.","I've been on antidepressants for a few months now and I'm still very much myself. Honestly, I'm more myself now than before I was taking them, because now I can see the real me instead of it being blurred out by some dramatic cloud of self depreciation and suicidal thoughts. I've still got a long way to go and my depression is definitely still here but yeah. People take them because they help. I don't know where this idea that they turn everyone into emotionless robots comes from",0,,0,2,2,1,1
6,99bkji,e4mdwvb,I'm alone. Let's chat?. If anyone is up keep my mind off of things momentarily. I'm pretty down.,"Hey, I've been feeling pretty lonely and down myself. Love the name by the way",0,,0,2,1,1,0
7,52dgvn,d7jdkp5,"How do you guys push through when you're hanging by a thread?. I've made it almost two years since my last suicide attempt and I want to keep pushing that number higher. When you guys are really pushed to your limit, is there anything you do so that you can keep going?","I'm feeling that way now. And this is just me, I actually don't recommend it for others, but we're sharing, so for me I am literally laying in my bed right now, watching rubbish on TV and disconnecting myself from the entire world because it's the only way I'll make it through the night.",0,,0,2,1,1,0
8,6h01sf,divexjn,"A broken soul. I think caring about someone, and they are your world and everything to you and then realising you are nothing to them hurts the most in the world. Then, when you get replaced so easily by someone else it feels like someone is stabbing you in the chest.","Yes. I'm going through this exact scenario right now. It's causing me to question my entire reality with him. It's such an earth shattering feeling. Like, what else can I not trust in my world? The worst part was that in my gut, I knew it. I've known it for longer than I've wanted to admit. I just hoped I was wrong and let myself get sucked in even further. I believed all the bullshit just because maybe he meant it when he told me he loved me. He didn't mean it. I can't comprehend doing that to someone I loved. So I totally understand how you feel. I'm here if you want to talk.",1,I'm here if you want to talk.|,0,2,2,2,1
9,aa1r64,ecoaqig,Flopping on social medias can be kinda depressing. I have 30 Instagram followers. How to get more?,"Why is that depressing? You should not let the amount of followers determine how you feel, especially not to this extent. It is not a reflection of what you are worth nor how successful your life is. Even if you would get more followers, what would this solve? You would not even know who most of those people are. I also doubt that an illusion like this could provide anyone with actual happiness. And Instagram has a pretty messed up algorithm anyway, I would personally not even bother.",0,,1,0,0,0,0
10,5re5nv,dd6kgtd,"3rd week im skipping school. Kill myself&gt;going to school, I wish I had drugs now...","As a 24 year old that needs to go back to college and pay his way there. It is absolutely imperative you succeed in school to get tuitions for college. I know what you're feeling, well actually mine was worse since I had little friends but if I could back and give myself advice I'd tell myself to man up and do well, work out and socialize because the rest of your life is so dependant on how well you do at your age right now. Please believe in yourself and press forward. Although you have all the time in the world to make changes. Waiting it out will only lead to insanity and depression. It's a problem you don't want to deal with when your older. It's best done in the present.",1,I know what you're feeling|,0,2,0,0,0
11,8nev2x,dzv1h7h,"Please let me die. Please let me fucking die and be done with this. I genuinely feel nothing, ever. I just understand why here. Every single day hurts. Please let me die",Do you want to tslk to someone? I know this feeling really well.,1,Do you want to tslk to someone?|,0,1,1,1,1
12,6z3vr0,dmsau9l,Suicidal teen. Any of you teens out there- how are you managing to get through life and survive school at the same time with depression? I am struggling so badly on trying to accomplish anything while depressed. It is almost impossible.,"I mostly just try to keep myself busy with the things I enjoy. Digital drawing, writing, browsing, and watching my favorite shows. I've started doing these in school too just to distract myself from the crippling loneliness every day. I just started 10th grade so I'll have to relearn how to keep my grades up when crying and hating myself are on my mind 24/7...just know you're not alone in this. We'll get through it, somehow.",1,".just know you're not alone in this. We'll get through it, somehow.|",0,2,2,1,1
13,7uizct,dtl7jm1,Why do I always make myself sad. I keep trying to fix things with people who are obviously just done with me. I always end up feeling worse. I just want to die.,"Stop trying to fix things with bad people and bring positive people into your life. If you can't do that, having no one is better than having the worst people.",0,,0,0,0,0,0
14,a1e950,eap40p5,My life is falling apart and it's all my fault.. The world would be better off without me.,No it wouldn't. What happened?,1,No it wouldn't|,1,0,0,1,1
15,5bugot,d9rbxc7,Hello!. How are you all? :),"Tired......I'm going to eat and then go to bed. Fuck my homework. I'll maybe do it tomorrow morning, probably not.",0,,0,2,0,0,0
16,81jwci,dv3m81c,Anyone else feel disturbed at random times?. I feel like reliving a traumatic experience sometimes (even tho I really had one) and have a sense of hopelessness and fear in me. I have a lot of nightmares and depressing dreams and sometimes I wake up feeling sad and ill. This happen to another else?,"yes! so sorry that's happening to you, but it feels good to relate - I see a lot of posts about having great dreams. I have at least one bad dream almost every night - and the feeling *always* bleeds into my day, especially if it was confusing or made me question reality. I have dreams all the time about my little sisters getting hurt, and it makes me worry for them. just today I had some kind of sleep paralysis (I don't know if that's the right word, I looked it up but it didn't seem to fit) and honestly I'm scared to fall asleep tonight because I do not want it to happen again. it's happened several times and it terrifies me. you're not alone, friend.",2,so sorry that's happening to you|,0,2,2,2,1
17,6j5dru,djc424o,"I saw a tree full of blooming pink flowers. It was beautiful.. I'm really trying hard to look around and see the good things that are in the world. My life might be in turmoil, my mentality negative, my hopes low... but still, to notice and recognize something as simple as a tree with flowers... that's special. I just wanted to share.",I love going to forest Parks and looking at all the plants and animals. It helps to a certain extent.,0,,0,2,1,0,0
18,9rmika,e8i1goa,"So tonight i'm going to tell a friend i got depression. And I'm so scared actually, I wanna to let at least one person know that I got depression but I'm really scared about his reaction and what he would think. How did you guys explained it to ur friend(s) ?","What is it about telling a friend about your struggles with depression that makes you feel like they will react adversely? If they are a trusted friend, they will care and listen to you and be supportive of you. The benefits to discussing this with a trusted friend is they can help you get the help you need and be there for you in the ups and downs. Everyone has had depression, just for some it can be more severe, longer, and more disruptive to one's life. Try to get them to relate by asking about their moments of depression. A good way to discuss this with them is in a quiet place over coffee or food. All the best to you.",1,A good way to discuss this with them is in a quiet place over coffee or food. All the best to you.|,0,0,1,1,2
19,7s7ohy,dt2pily,My birthday is in 15 days.. I have never felt so unexcited &amp; Apathetic about my birthday in my entire life. Happy early birthday to me..,What day is your birthday? I turn 17 on February 6th! Do we have the same birthday?,0,,2,0,0,0,0
20,9j8ddy,e6piyo9,Dont Know What To Do Anymore.... Im fucking done.. Im sitting hear about to end this right now. I dont know what to do right now. I wrote out a note but its shit. Im done. No one cares about me. Any advice please... I really need it right now,"Happy to listen if you care to type, pm me any time, also I care about you.",1,"Happy to listen if you care to type, pm me any time, also I care about you.|",0,0,1,1,0
21,5o1uev,dcg701g,Some one kill me please. Fuck this life fuck existence fuck everything fuck fuck,I want to sign up to that as well.,0,,0,2,0,0,0
22,6ncxp9,dk8wrfq,"i try to help but never do. always just run out of things to say, im sorry","I try too but often erase what I say before posting, as if I know all the answers when I'm here for help too. I feel terrible about staying silent but when its serious as life and death I can never post out of fear..",0,,0,2,1,1,0
23,7mvl0f,drxca97,"Just waiting to die. I'm not actually living, I'm just on auto pilot going through the motions in this shitty life, I feel like I'm just waiting to die. I wake up in the morning anxiously waiting for night to come so I can leave this shit reality, then, the cycle repeats.",Aren't we all? It's basically all there is to life.,0,,0,0,0,0,0
24,8813yy,dwgzyrt,"Self-doubt. Sometimes I wonder whether I'm just going through a teenage phase. Even though I've been diagnosed with depression, part of me just wonders whether I'm lying to myself and just insisting in wallowing in misery. Just needed to get this off my chest.","My gut reaction is that if you were just insisting in wallowing in misery, you wouldn't be wondering about this.",0,,0,0,1,1,1
25,aa6yyd,ecpkjxv,Good tip for those who live alone and don’t go out much. Leave your tv on all day on a news tv channel going on in the background. I find this really helps as like a window to the outside world and with the news stuff going on.,"I agree, some sort of pet that can show affection can help fight loneliness. Not only that but an animal can help give humans a purpose, something to provide for and keep alive.",1,"I agree,|",0,0,0,1,0
26,40smqw,cyx3y7b,Fuck Everything. If god existed then depression wouldn't.,Depression is hell. I feel ya.,1,Depression is hell. I feel ya.|,0,0,1,2,0
27,6jr5eh,djgf3g2,What will happen if I tell my psychologist about self harm?. First off I'm not even sure what I'm doing classifies as self harm. But I'm scared to let her know about it when I see her tomorrow. What will happen?,you are beautiful. pretty sure i've seen your username before,1,you are beautiful. pretty sure i've seen your username before|,0,0,0,0,0
28,9dwog6,e5kg5bg,I need to stop hiding from life. I'm sure you can tell that I'm not okay. I can't keep going on this way. I need to change how I'm living 'Cause isolation's unforgiving. I need to be out there with others Instead of hiding under covers.,"You can do it, try to say yes to more social plans and have fun, no pressure, truly",1,"You can do it, try to say yes to more social plans and have fun, no pressure, truly|",0,0,1,1,0
29,6w58z4,dm5ifng,"How often do you shift to depression/anhedonia?. Have to deal with that shit every evening at best, every week at worst. And they can't even give me meds because they are afraid of locking me in one state!","Wait, does this mean you're seeing someone already? I can see the concern, but if you're already suffering then not doing anything at all for you isn't really better. You can always look for a second opinion. I'm getting help, but before I was (and while I was trying to find the right combo of things), I'd have both depression and anhedonia at the same time pretty frequently. Like, 4-5 days out of a week. It sucked hard. Right now my anxiety is the bigger problem most of the time, but anhedonia still strikes and lasts like maybe a day to almost a week. Sometimes I make myself go do something outside of the house to distract myself, even if it's not actually enjoyable. This combo sucks, and I hope you find a way to lessen or even break the pattern.",1,"This combo sucks, and I hope you find a way to lessen or even break the pattern.|",2,2,2,2,1
30,41ag0y,cz11zuv,my loneliness is killing me. im tired of being alone. i feel this loneliness is triggering me,in there my friend. I'm here for you,1,in there my friend. I'm here for you|,0,0,1,1,0
31,7k4d75,drbgpw4,"Crying. Why is it that I can cry waterfalls while watching something on TV, but not when deeply depressed?","It's a different kind of sadness, being depressed. I don't really know how to explain. I feel you, I can cry while watching TV or reading something or what have you, but when I'm sitting in my room at 3am deep in my head I can't seem to cry.",1,"t's a different kind of sadness, being depressed. I don't really know how to explain. I feel you, I can cry while watching TV or reading something or what have you, but when I'm sitting in my room at 3am deep in my head I can't seem to cry.|",0,2,2,2,1
32,8fx4mo,dy7689k,I’m just alone. there for me. Nobody cares.,"just a stranger on the internet, but not alone. here to listen.",1,"just a stranger on the internet, but not alone. here to listen.|",0,0,1,1,0
33,443e82,czn4fsk,i just spent the last hour or so crying my ass off.. my upper lip's gone stiff and numb. i feel like throwing up. i don't feel like i can survive tomorrow.,"You know I felt like that last night. Like I was actually trying to find efficient ways to kill myself because I had to do shit from 7:15-6, but here I am. You can do it too. I know it sounds like I'm just some happy guy who doesn't really understand, because I alwaysk ind afeel like that. The words are so simple, you can do it too. All I know is that last night, if I had the oppurtunity I would be dead. Do you need somebody to talk to? GOD I fucking hate how generic all this shit is. I just need you to know that I mean this shit.",1,"You can do it too. I know it sounds like I'm just some happy guy who doesn't really understand, because I alwaysk ind afeel like that. The words are so simple,|Do you need somebody to talk to?|",0,2,2,1,0
34,60pllq,df8q8s9,"Feel like trash, skipped classes today because I just couldn't get myself out of bed. I'm tired and depression is kicking my ass. I really really wish I could get professional help","i skipped one class today because i don't really get much out of the class, but i forgot that there was 5% of the grade for in-class activities, so i'll probably not skip any more classes",0,,0,1,0,0,0
35,6ufvdy,dlseshk,"I don't want to do anything. I'd say I wanted to die, but I don't even want that, there's just a complete and total lack of desire for anything at all.. I just fester and exist. Marginally.","Sorry. I feel the same way. There's absolutely nothing in this life I want. It is kind of driving me crazy though because I don't know what to literally, actually do.",2,Sorry|,0,2,1,1,0
36,8v44ed,e1khigz,Feeling really hopeless right now.. Can anyone offer some positivity or good vibes right now?,Write here one good memory of something nice happened recently.,0,,0,0,0,0,1
37,95hltm,e3t3apj,In one of those moods I can't shake. Just feeling like I don't want to do this anymore. What techniques do you use to pull yourself out of bad funks?,"Strip club. Get some taitais in your life, even if you gotta pay for that shit. Don't be just jackin it in the bedroom man! If you go to a strip club you already winning cause you got up and went outside! Bitches got ears too, not just for fucking, if you talk to them they actually listen to shit you saying! Just remember to get the money up front.",0,,0,0,0,0,0
38,7x1hxh,du4q8hh,"I don't care anymore. I don't want to care anymore.. Why do I still have to try? I'm failing in life, I'm wasting other people's time and money. Why am I still around? I want to go away and disappear, yet I can't bring myself to di it.","I am sorry feeling this way, I have been where you are and I know how much it sucks. Please give up!",2,"I am sorry feeling this way, I have been where you are and I know how much it sucks. Please give up!|",0,2,1,1,0
39,70m1bh,dn476ec,Idk what to do. Idk what to do i feel lonely and no one takes me seriously im ugly and shit what shouldi do im really lost,I like to do healthy or productive hobbies when I feel like that. Sometimes it's all I look forward to in my day and it helps pull me through one day at a time. I think talking to others will help a lot too. If you wanna chat you can PM me.,1,If you wanna chat you can PM me.|,0,2,1,1,0
40,507z99,d71wsgc,Anyone else 20+ unemployed with no money?. Just want to know if I'm alone. ;_;,"Have some money, but no job. In a few months, I won't have anything.",0,,0,2,1,1,0
41,44lud8,czrgweq,"I beat depression. You can too.. Persevere, it is worth the fight.","Because depression isn't the same for everyone, so there is no 'one size fits all' cure for everyone. And some of the things you mentioned can be downright harmful for some people. For instance, tough love can potentially push a suicidal person over the edge. There's a reason those things are mentioned in the sidebar. Treatment should be left to the professionals to deal with on an individual basis. This sub is more of a support group, meant for encouraging each other to hang on, to keep fighting, and to point people in the right direction if and when they seek professional help. I'm sincerely glad you beat depression. What worked for you, though, may not work for everyone else (or even anyone else). It's a very personal and individual experience. And that's where you should have gone with this submission. You should've just shared your story. Talked about your depression, talked about your journey through it and how you beat it. Instead, you rolled it out like a sales pitch for snake oil. This is dangerous territory, because when you say things like I beat depression and you can too, here's how..., you are selling people hope. If it doesn't work and somebody spirals down and harms themselves or worse, even in one single instance, you are at least partially to blame for selling them that false hope. Again, that's why we leave treatment to the professionals. Please, I can't stress enough that you follow the rules and guidelines in the sidebar. They are there for a reason.",0,,0,0,0,0,0
42,7imsph,dr0erdd,"Anyone tried ketamine infusions for depression?. Considering trying this treatment for depression, anyone already tried it?",Haven't tried it but know a medical professional that says it really works for many patients. Not covered by insurance though.,0,,0,2,0,0,0
43,5e1hfm,da903n9,Your entire reason for existing explained in one word.. Work. . . That's about it.,Revenge. . . On a life thrown away.,0,,0,0,0,0,0
44,9zfkry,eaaqnfg,I feel so lost. I feel like I am losing myself.,I lost myself a long time ago.,0,,0,2,0,0,0
45,6c8ngy,dhssko9,just harmed myself for the first time in quite few years. it felt good to let it out on myself. i'm too much of a coward to kill myself so might as well let myself suffer. it hurts but it feels good,you're not a coward. I know the feeling and I still have urges time to time. but I look back on those years with regret. and you are loved. know that. treat yourself how you would others. have empathy for yourself. always here if you need to chat.,1,you are loved. know that. treat yourself how you would others. have empathy for yourself. always here if you need to chat.|,0,2,2,2,0
46,6hx42r,dj1t5ae,I am wasting my life trying to please people who treat me like shit. I decided to cut contact with all my friends because of this. Now only my parents remain.,Good idea. Don't let people treat you like shit and step all over you. You don't need people like that in your life. I'm still kinda passive but I've been trying to have more respect for myself.,1,Good idea. Don't let people treat you like shit and step all over you.|,0,2,1,1,0
47,5cjk8c,d9x9gse,"I'm going to kill myself. Not today, but someday.... I feel like I'm headed in that direction","Just because you feel like you're headed in that direction, doesn't mean you actually are...and if you are, you can always turn the car around. You're the only one who controls the ride and where it goes. I've had many days (and I still have those days) where I've lost hope in life. Feel like there is no point to go on because no matter how much I try to get things on track, I fail. That no one cares about me, and if I were gone the whole world would have one less body to deal with. But, then I realize that these things are not permanent or untrue, and If i am not happy, I can change it...but, you can not change suicide. Try to take a step back and think about what brings you joy in your life currently, and think of the things you've enjoyed while growing up, and surround yourself with them. Try something new that you've always wished you'd try. These are all steps to a better life, one that's happier...and is definitely possible to achieve. It takes some time and work, but in the end it is worth it. Don't give up, the best things in life are always the ones that make you work the hardest for. Feeling like this, is not permanent, it's only temporary. You have many people who care for you, who I am quite certain will notice if you're gone, and would be devastated... not to mention the hundreds of other people you're robbing from the chance of getting to meet someone as amazing as you, too! Stay strong, and remember that it will always be okay. Life is what you make it.",1,"Just because you feel like you're headed in that direction, doesn't mean you actually are.|Don't give up, the best things in life are always the ones that make you work the hardest for. Feeling like this, is not permanent, it's only temporary. You have many people who care for you, who I am quite certain will notice if you're gone, and would be devastated... not to mention the hundreds of other people you're robbing from the chance of getting to meet someone as amazing as you, too! Stay strong, and remember that it will always be okay. Life is what you make it.|",0,2,2,2,0
48,87h9bi,dwctslw,how can you feel like always wanting to cry but can never actually cry. seriously how? i can never not feel like this lately,"Every day. Depression dulls your physical emotions. On the inside I may be screaming and balling my eyes out, but I physically let it out when I try. The only times I cry are when I have an extremely deep thought that hits me hard and ball out of nowhere for literally 5 seconds before I pull myself together. Another 5 seconds later like nothing even happened...",0,,0,2,2,1,0
49,47nm79,d0elri3,"Maybe suicide is the answer. People say it gets better. Well, for the past four years its been getting worse. What's the point of living if there's nothing worth living for? I'm thinking of finally going through with this.","You know what kind of answer you'll get here. I know this is your state of mind right now, but realize that it is a state of mind. You want to take some kind of action to change your circumstances and right now suicide seems like the only option. That's because taking some kind of action to change your circumstances helps lift your brain out of its depression. Suddenly you don't feel completely hopeless. Maybe life can be better after all... Except you'd be having that thought as you're dying. That would be terrible. So you have to find some other way to turn things around.",1,"know this is your state of mind right now, but realize that it is a state of mind. You want to take some kind of action to change your circumstances and right now suicide seems like the only option.|Maybe life can be better after all... Except you'd be having that thought as you're dying. That would be terrible. So you have to find some other way to turn things around.|",0,0,1,1,0
50,9megel,e7e0csh,i wanna kill myself then kill myself again. holy fuck i hate this so much,I know that. I feel that life is just a blur for me I'm having the worst year of my entire life but I can't give up. You too must be passing a bad time there but don't let that makes you kill yourself you are worth living. You are a beautiful human being and you have the chance to go on. Hope it changes your mind. I'll be there for you if you need me.,1,ou are a beautiful human being and you have the chance to go on. Hope it changes your mind. I'll be there for you if you need me.|You too must be passing a bad time there but don't let that makes you kill yourself you are worth living.|,0,1,2,2,0
51,8m3scd,dzl19qw,"Bored therefore depressed,depressed therefore bored. does anyone else feels that way?",Huh. Good to think about.,0,,0,0,0,0,0
52,6ciu2g,dhuymou,"I didnt bleed at all..?. I poked a knife into my skin and think I broke through the entire skin layer but no blood came out. It was an attempt to find the artery. Since no blood came, does that mean I got deep enough but just managed to avoid and veins capillaries etc?","Trust me, don't do it. I have a scar on my left arm where I cut really deep and it gives me anxiety from people seeing it and depresses my mood looking at it. Doesn't help that I'm in fucking GCSEs either, but anyway I'm rambling. I know you wanna see blood; that's how I was too. But just don't, for me.",1,"Trust me, don't do it|know you wanna see blood; that's how I was too. But just don't, for me.|",0,2,2,2,0
53,7b3d9t,dpey0rz,I just want to have a single person in this world who would care about me. I just want to feel loved.. Is it too much to ask for?,"Hey, if you ever want to talk about anything, I'm here for you. Just send me a message. You're not alone.",1,"if you ever want to talk about anything, I'm here for you. Just send me a message.|You're not alone|",0,0,1,1,0
54,3vz0tb,cxs2grb,It hurts my heart so much to live with my family as an adult. They humiliate me. I'm humiliated. I just want dignity.,"Hi, I'd like you to know that I read your post and I'm another real person out in this big world. I have not been in the same situation you are in right now, but I can see how painful that would be. Shame is a terrible thing. If you'd like to talk more about it, I am here. I'm a veteran of both depression and anxiety.",1,"If you'd like to talk more about it, I am here.|I can see how painful that would be.|",0,2,2,2,1
55,6rou0q,dl6nnsh,"Help. I have been having terrible thoughts for years now, and I am finally getting the courage to want to see someone. Can someone recommend what type of doctor to go to?",There are many sources of therapy for various situations. It all depends on what these thoughts are and how often you get them.,0,,0,0,0,0,1
56,8oxban,e074avu,"My anxiety feeds my depression, and my depression only feeds my anxiety.. Sometimes I get anxious about getting anxious, I just want to die. It is either I'm depressed or I'm anxious. I can't deal with this suffering anymore. It just lasts forever",I feel the same. I'm sorry.,2,I'm sorry.|,0,2,1,2,0
57,7titw6,dtctupj,I’ve started mixing drugs and alcohol hoping it will kill me.. At least been helping me sleep. So far I wake up disappointed. Fuck this.,Don't do it. Tell me your story! I'd love to hear.,1,Tell me your story! I'd love to hear.|,0,0,0,1,1
58,8qdpfr,e0j79h1,"Depression isn’t wanting to not exist, its more not wanting to exist feeling like this. And sometimes you just cant stop feeling like this.","I think once out of this, look back thinking I could never be happy? And enjoy those times when they last.",0,,0,0,0,0,0
59,45y63g,d00ys70,How to become a someone?. This really bother me. I'm young girl but my chances in life are small because of depression. My family helps me but living with them are so hard and painful. Is there anyone who can't live on his own because of depression?,That depends a lot on your situation. Some people need to find a passion. Some need more social contacts. Did something happen to start your depression?,0,,2,0,0,0,1
60,7b3p29,dpf01t9,"Moving on. Our memory doesn't hurt me Seeing you doesn't hurt me But seeing you haapy with simeone else, makes me feel empty This emptiness hurts me","Wow, looking through your post history makes this hit even harder. :\",0,,0,0,0,0,0
61,73glt1,dnq6dea,Hate texting. Type a long well thought out paragraph about your issues only to get met with one word or short stupid empty sentence and see what I mean.... Pointless,"Yea why I don't text anymore. All people want to hear is fake, surface, superficial shit.",0,,0,2,0,0,0
62,91da89,e2x73jj,Do you guys ever stand in the edge on the cliff just to feel that you're in control of your life?. Meaning that YOU and only YOU decide if you want to live or you want to die.,yes or like just being somewhere high,0,,0,1,0,0,0
63,7shzxy,dt4vrh6,My only goal at the moment is to make it through the day without crying.. not doing very well at achieving this goal.,I'm sorry for your pain. Wanna talk?,2,I'm sorry for your pain.|,0,0,1,1,1
64,5cm7vz,d9xrghi,guilt mixed with depression best life u can ever get ;). i'm already derpessed for a long time and a few years ago a new element come in (guilt) yay ! my life is perfect waw,"I know you're getting down voted, but I don't want you to focus on that. The guilt is worse than the depression. Not only do you feel terrible, but then you're made to feel guilty for feeling so. (Doesn't any one understand that if we could help it, we would??). I get it. Chin up. :)",1,"I know you're getting down voted, but I don't want you to focus on that. The guilt is worse than the depression. Not only do you feel terrible, but then you're made to feel guilty for feeling so. (Doesn't any one understand that if we could help it, we would??). I get it. Chin up. :)|",0,0,2,2,0
65,atiui0,eh1bxrc,"Blasé Depression. This is something I've been thinking of, I dont actively try to kill myself but if it happened I wouldnt care. Im bored and sad with life and just want to die. I'm just about it all.","Similar for me. I fell like depression makes you care less about yourself. I remember once walking the streets and jaywalking at every corner. I was like, so what if I get hit by a car, worst case scenario I die, it's not as if that matters. I wasn't actively trying to get myself killed, just ignored my surroundings and my own safety. Fortunately I snapped out of it at some point, or I might not be here anymore.",1,Similar for me.|,0,2,2,1,0
66,9pzgud,e85game,i've never carved a pumpkin. because i'm a friendless loser.,"Thought id check out the depression sub, well i have to go now",0,,0,0,0,0,0
67,73yymy,dnue2hm,How long is this going to go for?. I wish I fucking knew. Fuck you and everyone else.,Expecting people to stop being depressed like turning off a light is extremely stupid.,0,,0,0,0,0,0
68,760kps,doambus,Do any of you guys get a kick off of telling others you're depressed/suicidal?. And when I say get a kick I mean that by telling someone you want to die it partially satiates your hunger for attention. Your hunger for love.,"Unless surrounded by loving people, you The last thing you want is for your happiness to depend on others.",0,,0,0,0,0,0
69,7wgecs,du0d87x,"Bye. I tried, but I do it anymore.","Madara, there's people on here who will listen to what you have to say and how you feel and who can try to relate and will care. Let us know if you want to talk.",1,"Madara, there's people on here who will listen to what you have to say and how you feel and who can try to relate and will care. Let us know if you want to talk.|",0,0,1,1,1
70,afd0li,edxkw5i,Is anyone happy?. I just want someone to say that they are happy. That life is worth living. I'm having trouble seeing that as a real thing right now.,"*raises hand* Nope, I'm not happy. Sorry if I was supposed to say something different, but I try to tell the truth. Some of thes I visit make me feel less lonely, because I identify with the people who contribute content there. I often get depressed, and I'm hoping that lurking here at r/depression will help me find new ways to deal with it, by learning from the other people here. That's why I subscribed here today. A lot of people find part of their meaning for life in other people. Maybe that's why communities like this help, I don't know.",0,,0,2,0,0,0
71,4mml92,d3xeqkv,"Do I have the right to kill myself?. You don't have the right to kill other people, But do I have the right to take my own life? &gt; I want to hear your opinions about it.","You should, but in this society you don't.",0,,0,0,0,0,0
72,6gbj9u,dip0kzu,One Good Reason.. give me one good reason to not commit suicide today.,"I always think that to myself when I'm feeling suicidal. But there's always something that keeps me going and I just haven't figured it out yet. Maybe because in the end of all of this, there is a light at the end of the tunnel. Last night I had an incredibly suicidal episode; I've hurt myself in the past as well. And while I don't know how you feel personally, I can relate. When I feel the way I do, it's really hard to try and see the world around me. Your mom just doesn't understand what you're going through and you need someone that can support you. Hell, even I'll do it and I don't even know you. Sorry if I am ranting, but I do just think that you need to find the right people that can help lift you up. My mother hasn't supported me in any of my depression and anxiety issues at all and it's the loneliest feeling in the world. That's why I turned to. So if you need support, you can talk to me. I don't judge. Ever.",1,"So if you need support, you can talk to me. I don't judge. Ever.|",0,2,2,2,1
73,4xe3vh,d6encaf,Why Im going to kill myself.. Im going to kill myselm,We are here if you need to talk to someone,1,We are here if you need to talk to someone|,0,0,0,0,0
74,5xxauh,deln2g3,"What keeps you going?. What drives you to push on through life? What is *your* purpose? I can't answer this myself, and I'm wondering what other peoples perspectives are on it.","What pushes me to go forward and I guess my purpose is two things: helping other people, and things that make me smile.",0,,0,0,1,1,0
75,8z8pdk,e2gxe5s,"19th Birthday. How come every year when my birthday I cry so much at night, I just break down, I hate feeling like this, not being happy, but yeah, happy birthday to me",I remember it like it was yesterday. What a waste it was. I can't look at the photos knowing what was hanging over me. I'm so young and really had nothing to worry about. I wish I 'd got on with life,0,,0,2,1,0,0
76,8idu1g,dyr6p2t,"wow, being yelled at that you're too negative sure makes me feel better!. it definitely doesn't make me feel worse or anything. yelling at a depressed person is definitely the correct choice, instead of being supportive.","Oh, my family does that all the time. Like, what do you expect. Also, when they say they're feeling worse than I am for having to watch me depressed. Like, hello, I'm depressed here, not you. And when they try to blane it all on my anxiety and my negativity, like I'm to blame people generally don't like me.",0,,0,2,1,1,0
77,88qudp,dwmmcc2,"Convince me to call a helpline. Feeling really down currently.. Sorry if this is the wrong place. The issues will pass but while they're ongoing, I'm really struggling.",If you're ever feeling really down and feel you have nobody to talk to always call a help line. Plus what even if calling does nothing it's first occupied you for some time so that you don't do anything else and secondly it's better then not even bothering to call at all. Please call a help line and trust me it's what you need to do right now.,1,If you're ever feeling really down and feel you have nobody to talk to always call a help line.|Please call a help line and trust me it's what you need to do right now.|,0,0,0,1,0
78,9ybl4m,ea0gskf,"High school has robbed me of my freedom. My schedule is filled with being forced to study things I already know its painful. Last week I only had 2 hours where the sun was up and I did what I wanted, and Im not a bloody owl, Im being a prisoner in this endless cycle of bullshit.",High school is incredibly strict. I suggest dropping out of any AP courses you may be in and taking early -college courses instead. They're much easier and by FAR more worthy of your time.,0,,0,0,0,0,0
79,5k63am,dbllgcz,Is having friends really this important?. There's always people saying life is nothing without friends or stuff like that. As someone who isn't even trying to look for a friend this is quite sad. Are you saying im living a worthless pathetic life?,"I have to be honest with you, because it's very important: I believe friends are very important. But it's extremely hard to make friends, I know. But talking to people about how you feel helps alot, it does with me. It gives me purpose, dreams and hope. Friends can come from anywhere at any time. If you ever want to let off some steam, bounce something off another person or seek advice, never hesitate to write to me. I'm your friend, and I'll never let anything happen to you, if I can help it. Please talk to me if you need it, it can save lives, in more ways than you'd think. Have a very merry Christmas, know you are not alone.",1,"Please talk to me if you need it, it can save lives, in more ways than you'd think. Have a very merry Christmas, know you are not alone.|",0,2,1,2,0
80,8l4r9x,dzd9ban,"Where do you go when home doesn't feel like home. Please, please take me away from this place...","Yes. had better nights sleep in my car than my bed sometimes. Find a secluded spot, read a book/watch a movie, write in a journal.",0,,0,2,1,0,0
81,6ts60e,dlo0g6l,"Do you ever just walk with no purpose?. I've been doing so constantly, I ignore whatever's going on in my life for an hour or so and just walk. I walk and hope that when I get back everything will be better. But when I get home nothings changed, it's still filled with sadness. I don't know...","You may feel shitty when you get back, but FWIW, the walk is still good for you. It's a little exercise, maybe a little sun (depending on the weather and where you live), and it's something that feels good for you in the moment. May not be much, but I've always found it's important to recognize the little tiny positives like these. So good for you, take those walks when you can and remember it's a small way to take care of yourself and your mental health. Bike rides are awesome too.",0,,0,0,1,1,0
82,4r8sdq,d4z55rt,"Depressed. I am depressed as hell, what to do?",Depends on what you want to do. Be rid of it? Or get better at handling it? Did it come out of nowhere? Or have you had it for a while?,0,,2,0,0,0,1
83,69kno0,dh7yd1r,I sleep to avoid the pain of being awake. And when I can't sleep I just want to die,The worst part of my day is waking up.,0,,0,2,1,0,0
84,atnep3,eh35qqj,understanding. cannot make you understand. I cannot make anyone understand what is happening inside me. I cannot even explain it to myself,"Before you wish for others to understand, you must be able to understand it well yourself, be able to explain it to yourself, only then can others help you.",0,,0,0,0,0,0
85,6qsxtv,dkzrbdp,"I wish I had the courage to end it. I'm lying in bed fucking crying myself to sleep over wanting to die, like it's the only fucking thing I want and I can't fucking do it, I fucking hate life my life so much","I am glad you aren't doing it, I am lucky myself in that I was equally lazy and depressed when I was at my worst, but by doing nothing you aren't making a terrible mistake. Thanks foring with us tonight.",1,I am glad you aren't doing it|by doing nothing you aren't making a terrible mistake. Thanks for ing with us tonight.|,0,2,0,0,0
86,alyg5h,efj4g9v,"What do you do when that voice in your head keeps telling you to kill yourself?. All night long it just keeps ringing in my head, over and over, I get it to shut up. How can I make it stop? I just want it to stop.",I always try to find something to look forward to even if its small like i cant kill myself until i get some soup and just keep finding little things like that,0,,0,0,1,1,0
87,3vwzh7,cxrsrql,How did you (If you did) beat depression?. I'm curious to know how y'all did it.,"I was diagnosed with moderate to severe depression while in undergrad. It's been a long journey but in essence I've gotten control of it through controlling risk factors (diet, sleep, exercise), as well as recognizing risk factors (such as social events). I've had a great support network too. There are times though that I can feel the dark clouds approaching but they're much easier to handle, and the lows are more evened out to what I guess would be considered a normal level.",0,,0,2,2,1,0
88,860jmu,dw1pzj4,I just want to be happy again.. Where did it all go so wrong. I miss my old self. I'm so afraid I'll never be me again.,Can you recall times of your old self when you were happy? Was there a particular activity you did that made you happy? Identifying those activities/ hobbies while exploring new ones could help. Has there been a big life change between then and now?,0,,2,0,0,0,2
89,7rsfgh,dsz9zax,I thought I was getting better. I've been in bed all day and literally haven't moved.,"Same here, big exam Tuesday and i barely read anything. Usually i could get my ass out of bed to study but this year i just can't. Maybe go take a little or long walk, been doing it for three days now and at least i don't feel like shit. Your mileage may vary, tho",0,,0,2,1,1,0
90,7j322b,dr3w489,Anyone else suffer from being chronically board. Nothing is interesting and everything seems so blah,"Trying to do something but its never what you want it to be like. Distractions work but not for ever, i dont know how long my next one will last. Binge watching netflix is a great one for me, you dont have to think about anything and just get completely emerged in it but even that wont last for long now",0,,0,2,1,1,0
91,64vfny,dg5dua3,Living is hard. It sucks. I'm tired of school. Im tired of work. I'm just tired of everything.,What do you like to do?,0,,2,0,0,0,0
92,8vhyxw,e1o1z1m,I feel so alone. And it hurts so much,Please know that someone out there cares for you and would be heartbroken if you here.,1,Please know that someone out there cares for you and would be heartbroken if you here.|,0,0,1,1,0
93,8sl68s,e10kvyw,Should you kill yourself if you have no social life?. Should you kill yourself if you have no social life?,"No. Not having a social life isn't a terminal diagnosis. Why kill yourself due to lack of social life if you could eventually obtain one? Life is not pass/fail. It's not about getting a certain grade for social life, or any other aspect of life for that matter. You are not a failure. Not having friends worsens depression, depression inhibits the ability to make friends. It's a cycle that needs to be broken, and I recommend getting medical help to tackle depression. Eventually you will get to a point where it is easier to make/maintain relationships, even if it that progress seems small at first. Keep up the fight.",1,You are not a failure.|. Keep up the fight.|,0,0,1,1,0
94,8df5kx,dxms2sq,"There's a world we can visit if we go outside. been pretty depressed since I broke up with my wife late last year, I went out today thanks to the heat here in the UK, I felt this content with the way things have been in quite a while.",I visit it everyday in my thoughts.,0,,0,2,0,0,0
95,5djslk,da6rjvq,"I wish I had no parents so I could finally kill myself. They're the only reason I'm not dead. I hate everything about my life, but I don't to hurt them. If they just went away I could finally end it all without any guilt.",I'm sorry that you're also in this position. I'm honestly just waiting for my parents to die so I can kill myself.,2,I'm sorry that you're also in this position.|,0,2,0,0,0
96,78chdu,doss7uo,"For those who have taken effexor, what has it done for you?. looking to hear both pros and cons of the medication. if you are currently on or have taken effexor, what did it do for you? as with any ssri/snri, they affect everybody differently and I understand this","side effects were bad, but the withdrawal was worse than coming down from opiates. over a month later, having rebound headaches and dizziness. i would suggest never taking it!",0,,0,2,0,0,0
97,8qs606,e0m5db0,Any tips for improved self esteem?. My self esteem is honestly so low it may as well not exist. Any help on improving it would be great.,"When my depression was at its worst, I was lost as to what would make me feel better. I thought about what the kid version of me would think was impressive if the adult version of me actually did it. I remembered I'd always been fascinated by the seemingly impossible idea of doing a triathlon. I signed up for an Olympic distance one (way way less than an Ironman but still seemed like an almost impossible feat for me at the time) and 6 months later, I crossed the finish line. It felt good to complete and it felt good to be healthier than I'd ever been. Being fit and healthy is going to help manage depression, (/r/eood and /r/fitness are both great places) but maybe that's not your bag. Can you think of any goal that you have now (or one you can resurrect from the past) that you KNOW you'd feel great about completing?",0,,2,2,2,1,1
98,72aafz,dnh1x5v,It was my 20th birthday yesterday. I had no emotions at all towards it.,Mine is coming up and I am generally indifferent to it. I told my family I don't want to do anything for it.,0,,0,2,1,0,0
99,4lfgaf,d3mydqv,Will she give me a diagnosis?. Hey! I will see my psychologist next week for the 4th time and I'm curious. Will she ever give me a diagnosis or a detailed speech about what's wrong with me? because if not I know I will feel like shit I will just think that I don't deserve help.,"If she doesn't, you should ask about it. Talk at the beginning of the session and say I would really like to know your assessment of what's going on with me. I feel like it would really help me to know what you think, and what you think would help me get better",0,,0,0,1,1,1
100,5j3kx8,dbd3dis,"Do you ever have those moments where you wish to be a kid again? Someone purely id-driven with no worries or no burden to carry?. Although I will admit that I had a pretty troubled childhood, more or less ... there comes those days where I really wish that I was a kid again .  During those times, I was purely id-driven. No fear of the consequences. No worries about anything. Nothing to fear about the weight of my actions. there comes those days where I do try to re-inact those feelings, but somehow, I do feel guilty for doing it. So guilty, as if I did something extremely wrong. And because of that ... I feel like I am stuck in a loop of some kind. Wanting to be as id-driven as a kid or wanting to be a boring adult with no fun, no ambition, no nothing",I wish I was a kid again so I wouldn't need reasons to smile,0,,0,2,0,1,0
101,6lpvmu,djvt6tn,bad thoughts. I seriously can't deal with my own thoughts anymore. I keep having these terrible thoughts of hurting or killing myself or other people. Or what I would do to myself or someone else if someone close to me died. I just feel so angry.,Can you tell anyone? Bad thoughts can be dangerous.,0,,2,0,0,0,1
102,7wyujp,du49j99,I don't let myself be happy. Because I know that I'm gonna go back to feeling like shit again. I know something bad will happen eventually and I'll hate myself even more. if I don't let myself be happy and something happens I won't be surprised because I'm a piece of shit anyway.,Yep. Couldnt have said it better myself.,0,,0,2,0,0,0
103,87pxoj,dwepir9,I just watched my dad fucking wave a stick at my mom and threaten to beat her and shut her out of the room.. They were all friendly a few minutes later. What the fuck is wrong with people? I'm in a nightmare.,Everything is wrong with people.,0,,0,1,0,0,0
104,6afdm2,dhe4pxz,"What is the faster way to kill yourself?. im done with life , for me is hopeless to rewind everything",I'd say shooting yourself in head with a shotgun. But think about 'might happen' consequences. Your soul.. being born again.. idk isnt there really anything you can do about your desperate situation? Whats up man,0,,2,0,0,0,0
105,538vqq,d7r10j0,Feeling terrible after someone complimented me. I now hate myself even more.. Compliments are supposed to be good but it was a lie. Now I feel even worse.,Sorry you are feeling that way but How do you know it was a lie? In My experience most people don't compliment unless they meant it. Excluding family or friends who may just be telling u what they think u wanna hear of course. Who complimented you and in what context?,2,Sorry you are feeling that way but|,2,0,1,0,2
106,al9cvm,efcd3g0,Who knows anything about Depressive Realism?. Anyone heard of it? Think they suffer from it? I ran into this today and it is absolutely fascinating.,"I think it's real, but not that all depressed people have it. I think I have both an irrational pessimistic bias and a rational pessimistic bias. My beliefs in pessimistic philosophies such as existential nihilism, the right to die, antinatalism, veganism, and disapproval of wild animal suffering are rationally justified. I believe that I'm correct that life is pointless, unnecessary, and more painful than pleasurable. I think that most people have an irrational optimism bias that makes them unaware of how awful the world really is.",0,,0,2,1,0,0
107,6010pp,df4e9vq,Going to go tonight.. Everyone will be happy...no more me. I have no one.,Please don't. Its just not right choice make. There is always something that can be done other than that.,2,Please don't. Its just not right choice make. There is always something that can be done other than that.|,0,0,0,1,0
108,3vn9e5,cxp6mlb,"If she marries him, I will die of jealousy.. I know it's foolish, but I can't stop this feeling. I should have told her so many years ago, when they had just met. But I thought I was taking the higher ground by keeping silent and backing off. All I did was hurt myself.","Thought I should write something since the posts you were getting didn't look helpful. It is hard not to kick yourself when you feel that you never took a chance to be with someone you thought was the one, especially when you consider them to be such a great person. I mean, how can people not blame it all oneself if the other person is what we see as nothing but good? It is points in our life like these that we carry with us that tend to weigh us down in life, these moments of regret that can build up over time that we can't move forward.",0,,0,1,2,1,1
109,7pq30h,dslwrf6,I think I’ll run away either weeks before I’m 18 or afterwards. I want to runaway from my toxic father. I have a question my highschool diploma though. If not there to pick up my diploma what happens? Will I just never get my diploma? Does this mean I go to college or what? I might sound stupid but just really lost,Maybe you can get the diploma mailed to one of the family members place of work? He probably won't know who it was mailed to exactly and if he tries anything he may get kicked off of the property? Not sure just trying to throw some ideas around.,0,,2,0,0,0,0
110,aaxy5p,ecvwauo,My new years' resolution is not to kill myself. Unless I think of a really funny way to do it.. I feel like I would be happy if it was funny. All the best.,Doug Stanhope has a bit about it,0,,0,0,0,0,0
111,7x42fj,du5b21k,"Anyone else feels normal after getting really drunk?. Its like theres a part of my brain that's constantly generating negative thoughts and clouds my mind, and alcohol just shuts that part up.",Same. I wonder what my life could be like if I existed at the level I'm at after a few drinks.,0,,0,2,1,1,0
112,6b2cmc,dhj8tcb,Always feel like I'm being criticized and mocked even when alone.... Does anyone else experience this?,"I think it's social anxiety , that creates paranoid feelings , unless I'm wrong but that's how I feel",0,,0,2,1,1,0
113,8a6psh,dwwgwxz,I'm sick of people telling me it's not my fault when It really is. Anyone else feel this way?,"I guess kind of our fault, but at the same time I think we desperately wish we could be better. Sometimes we really physically and emotionally can not be better. Stay strong, not alone.",1,"Stay strong, not alone.|",0,0,1,1,1
114,80tvsl,duy7ld1,What is it like to seek help as a minor. 14 years old and am depressed and have issues with anxiety and self harm. If i tried to seek help with a doctor what process would I go through and what would most likely happen. in the U.S. if it makes a difference,"it *probably* depends on the state (edit: what state in the US). being 14, you are going to be tethered to your parent/guardian legally. the therapist/counselor/psychologist will be legally required to tell your guardians of anything that serves of specific risk. for example, i told my therapist that i was suicidal and he had to contact my mother and explain the basics of the situation. for self harm, im not sure exactly how/if the information would be disclosed by the therapist/counselor/psychologist to your parents.. but im assuming if you are physically hurting yourself to a GREAT EXTENT then yes, it would most likely be disclosed. im 18 now, and started seeing my on-campus(university) therapist and psychiatrist at the beginning of the school year, where i was 17. it sucks not being in control of your life, but what can you do, you know? if getting to see a therapist is an issue, i would recommend asking to talk to your doctor/pediatrician in private (during a normal check-up) and say tht youve had symptoms of depression/anxiety and you'd like to have some help talking to your parent about getting help. if it's not an issue of talking to your parent/guardian, then what's the worry? if you cant see a doctor, a school counselor could help you have this conversation with your parent! or even a supportive teacher that you trust. i went through a very similar situation when i was younger, and very much regret not being more persistent about getting help when i needed it. it mght not go away, and with school only getting harder and more stressful as you age, it's *really hard* to deal with all this emotional baggage. everyone deserves to feel the best that they can. you dont want to suffer anymore and someday you wont! feel free to pm me, i'd be happy to be your pen-pal through all this &lt;3",1,"everyone deserves to feel the best that they can. you dont want to suffer anymore and someday you wont! feel free to pm me, i'd be happy to be your pen-pal through all this <3|",0,2,2,2,1
115,4duc3v,d1ufwcf,"I'm empty inside. Only void.. I don't feel any emotions anymore. Only sometimes anger and sadness but even then, I can't cry and I can't scream. I am incapable of forcing myself to cry. If I could, I would. A lot. Anybody else can relate?","Yeah man I can relate. Especially with the crying and screaming thing. I wonder what's stopping us from crying? And what's worse is I've even had friends comment on how I don't get upset easily or mad about certain things that are usually normal to be mad about. But how can I if I don't even feel like I'm a real human being, yah know? I wish we could escape the void inside ourselves.",1,Yeah man I can relate.|,0,2,2,2,2
116,9zm11s,eaa8iop,"you can ignore this. Sorry, I was scrolling through the contacts of my phone to find someone who I could tell without becoming a burden, and I find anyone. The point is I just wanted to say nothing here for me. I know I should value my life, cherish the friends and things I have, and look to the future with hope and anticipation, but I Because at the end of the day, still be me, rotten to my core. And been this way for a long time. had people try to convince me not. But just for once I want to hear someone tell me to do it.",Tell us more. Nothing said suggests so bad.,0,,1,0,0,0,0
117,98f0d2,e4fhuil,"Roses are red, violets are blue. not doing so well today, how about you?","Well been a shitty day, as always.",0,,0,1,0,0,0
118,4ctivd,d1m650m,".. I'm breaking and I don't have the strength to hold myself together anymore. I don't even feel anymore. I'm going to do it soon I think, I just need to find out how. I cannot continue to exist.","Remember this. In order to find light, you must be surrounded by darkness. Whatever you're going through, remember that you can overcome it!",1,"Remember this. In order to find light, you must be surrounded by darkness. Whatever you're going through, remember that you can overcome it!|",0,0,0,1,0
119,5tlkgd,ddnczu1,Every good memory I have is obscured by a haze of disgust.. Self loathing pollutes everyone and everything.,"I wonder what the solution is. In my life, I too am encouraged to allow myself to seek support online in a positive way (such as this forum) but this, too, only seems to make it worse and spread negativity.",0,,0,2,0,0,0
120,5ybkk9,deow40v,"Does anybody else close their eyes frequently?. Everyday, I find myself walking with my eyes closed to avoid physically seeing my loneliness. I personally don't know why, however knowing that I can avoid the world- even for only a second- is helpful.","People are invisible to me in the streets. They don't exist. I always walk like if there was nobody walking because I don't have so much attention to waste. I can make everyone vanish in my brain even if I'm walking inside a crowd. I tend to pretend I am walking inside a crowd of dolls or machines with sleepy consciousness/energy. I do it all the time because I need to think clearly and **focus**. Staring at moving people with different shapes, clothes and colors distract my focus and disrupt my peace of mind and suck my **energy**. But I like it when people direct their attention to me and stare at me because they subconsciously feed me with their energy and make me feel alive and they loose their vital energy in return which is **s**o sad. I need to stare at the horizon or the sky to focus and to give for the moment a **meaning** that the majority can not see because they are busy talking to others, staring at others, using their phones and giving their consent and **paying attention** and their **time** to others for nothing in return. They have no idea about the importance of these **moving** people and that they are in fact moving vital energies and one must focus to absorb those free energies of life. Movement in space creates time.",0,,0,2,1,0,0
121,43q20q,czkqc3g,"Has anyone taken Viibryd?. Please describe your experience with Viibryd, if you've taken it.",Took it for 2 years. It was the best medication I had found. Started wearing off after a couple years and I nolonger take it.,0,,0,2,1,0,0
122,5qpcag,dd1oo6x,Wait a minute parents are supposed to have unconditional love for their children?. Sign me up please! Oh wait :(,Check in with us! I hope we shed some light for you in there. Hugs.,2,Hugs.|,0,0,0,1,0
123,4ufwij,d5pcsys,Finally realised I won't be alone forever. Because at some point I will finally fucking die.,"I mean, if you want to get technical, you're still alone in death. What's getting you down?",0,,1,0,0,0,1
124,5wkxvm,debwy6h,"College really is hell if you have depression.... Seeing all these young, happy people enjoying their freedom, adulthood, youth, having relationships, etc. while I'm wondering if cutting again will help me feel better. It's awful, i'm so lonely and feel hideous, I want to die.","you are not alone, no live no friends no job. I graduated with 3.8 out of 4.0 from engineering college, I worked very hard after that nobody want to hire me.College is shit. now I stay home 24/7 literally nothing to do. I live with my parents, 23 years old. I want to die now. I am crying all the time, I don't know why I am here.Live is suck",1,"you are not alone, no live no friends no job.|",0,2,0,1,0
125,8u00cc,e1bg8za,How long did your unrequited love experience last?. Just wondering when this feeling is gonna go away,I have never been in love but i did like someone that like me back. The feeling lasted after we stopped communication about 3 months and i was over it,0,,0,2,0,0,0
126,6pos8l,dkrzdpi,I showered today for the first time this week. I still feel like shit,"I think people are meant to regularly bathe. Like we have probably been bathing while still hairy and grunting. I wasn't raised the best; one thing is that I was never taught to bathe regularly. It was normal to bathe once every 2-4 weeks growing up. Basically, I never had it ingrained into me, which led to being super hygienic to the point of irritation and skin problems during puberty, and complete abandonment of hygiene during my intense depressive periods. So during these periods I would go as long as I could possibly can without showering until it was literally affecting everything I did, usually 4-6 weeks. My dirtiness would get into my eyes, and they would burn like hell. I got more skin problems from the build up of dead skin: in grown hairs, dry scaly skin, acne, etc. My hair had issues too: unhealthy and wiry possibly from an unhealthy scalp and follicles and dandruff. My dick had some infection and itched like hell. I also looked like shit too and was never prepared for events that forced me to go outside which made everything worse (I would hide and wait out people who potentially could see or interact with me, for example). I also was dirty and made my surroundings just as dirty, and I smelled bad, but luckily I don't have volatile BO. *Anyways*, just saying that there are some serious consequences to poor hygiene that I wish someone told me about. Thanks mom.",0,,0,2,2,0,0
127,5ptyyw,dctz1a0,"The only thing worse than extreme physical pain is extreme mental pain, once you have experienced that, you will stop felling pain at all. My favorite quote i have made so far.. My favorite quote i have made so far.",Same here. Part of why self harm is so easy to me.,0,,0,2,1,1,0
128,7gxzyr,dqmmeg3,I can't even function. I don't feel alive and I don't feel human. Even with the medication everyday feels like a pre-calculated mess that I have zero control of. I don't feel like I'm living when my parents get to live through me. Why bother to exist.,"I see the point either! All I feel is pain, I feel happiness, I feel anything that sadness. I want to live this kind of life, so hard that even on my free time I wish that things could be better, I wish I could live a better life but I I was one of the unlucky people that needs to go through this while others are enjoying their free time. Lifes hard as it is, but with depression a drag. You never know when get that next panic attack or feeling of loneliness.",0,,0,2,1,1,0
129,6ab7j9,dhd8a91,"Is anyone else just happy that other people are sad?. Not trying to be a dick, just asking",I'm just glad I'm not completely alone with these feelings like I convinced myself. I feel like I'm reading all the thoughts I've had my entire depression ridden life in clear text and it helps me process it better.,0,,0,2,2,2,1
130,aqwidj,egj1tha,Is this a good way to hack my brain to go to gym? lol. GYM = pain I hate myself = I want to can I use this thinking to me to go to the GYM with the objective to myself? Is someone capable of such power? Haha,"What are your goals? Take away any kind of emotional association you have and focus on your goals and just do it. Most people like going to the gym, but most people like to be unhealthy. Just do it.",1,"Take away any kind of emotional association you have and focus on your goals and just do it. Most people like going to the gym, but most people like to be unhealthy. Just do it.|",2,0,0,0,0
131,7twck6,dthdftg,"Has anyone ever felt left behind by everyone that surrounds you? I’m in college and I feel that all the people I know have something going for them, all while I just watch from a distance feeling like a complete failure.. I have any luck or skills I guess","Yup. At the age where everyone is starting careers, getting married, having kids etc. I feel left behind for sure. Then I remind myself I'm where I am because of my nihilism and general apathy for achieving the cultural standards of success.",0,,0,2,2,1,0
132,9epnjm,e5qkvzh,"Has anyone doubted your condition and tell you that you’re not ill, so don’t believe what the doctors tell you?. affecting me. I often blame myself for being lazy, stupid, slow, incompetent and having a lousy work attitude.","My parents were the type who didn't believe in mental illness, it was just me being lazy and antisocial. Until I left home for college, I never thought I had mental problems, I just thought I was just a shitty person who couldn't do anything. At least to me, recognizing the illness and accepting that something is wrong was the beginning of recovery and bettering myself.",0,,0,2,2,1,0
133,5emzre,daefcqc,I feel so invisible.. I've never felt so invisible before in my life.,"i see you, youre real to me and if i were there you wouldnt be invisible .",1,"i see you, youre real to me and if i were there you wouldnt be invisible .|",0,0,2,2,1
134,8ky7au,dzbfyqk,If you managed to turn around and leave your depression behind...how did you do it?. I'm just giving up...been taking Prozac for 2 months and no change whatsoever. All I can think about is buying some razors and just get it over with.,I know. I sadly do not have a good answer. as clueless as you are.,1,I know. I sadly do not have a good answer.|,0,0,0,0,0
135,92kzha,e36gati,Help. Can you withdrawal from Zoloft,Yes possible.. are you having withdrawal symptoms?,1,Yes possible..|,2,0,0,1,1
136,5qhw02,dczjou1,"I got beaten today. It doesn't really matter, I ran out of the house and stayed to rot on the streets, if the police didn't stop me I wouldn't have been alive. I don't have a will to live I'm killing mysel this week. Life is not worth living","Don't say it does get better. You don't know. You don't know his life, you don't know his past, his environment, nothing, how in the world could you make a statement that yes, rejoice, his life WILL undoubtedly get better? That's a very corrosive statement to make which DOES NOT HELP the person you're telling it to. For OP. Could you maybe find a reason to live in the fact that if you get out of this abusive life you're living in and build a life that you're proud of, that will show your family how better of a person you are than them? Would you find comfort and maybe willpower in that?",0,,2,0,0,0,1
137,an64u1,efr60cg,It is taking every single ounce of energy to just get through the day.. Its like wading through tar,how's your diet? lack of energy could be related to malnutrition.,0,,2,0,0,0,1
138,4ags76,d10du8s,"Anyone else feel like everyone who likes you was tricked?. Like, your family only loves you because of biological reasons and your peers only like you because you're so good at hiding your real self.",I feel like this every day. Then something happens (like a stupid comment) and I am reminded that no one actually cares it's all a facade. I've even started paying people to care like going to the hair dresser to get a wash and cut even though I don't need one or going to the chiropractor even though it doesn't help but for 15 minutes it's almost like someone cares.,0,,0,2,2,2,0
139,748npg,dnwe1ul,"Depression for school kids. It sucks ass when you stand in the hall all one haha. I feel true happiness, I even shed tears. I feel like my body is slowly decaying and my mind has already fallen deceased",I'm with you all the way man. Especially in regards to the decaying part..you just start to break down and it feels like there's no way to raise yourself back up.,1,I'm with you all the way man.|,0,0,2,1,0
140,afzgkg,ee2fmk6,Feeling Numb. Title really says it all. Just feeling numb everyday and I don't care about really anything. And when I do feel happiness (which is rare) it's just for a brief moments. Idk what to really do at this point tbh.,Have you considered speaking with a therapist? Do you know why you feel this way?,0,,2,0,0,0,1
141,8wv115,e1ylvo1,It's my birthday soon. I'll be 29. I first started having serious problems with depression when I was about 14. It has not got better. My life is a disappointment.,I truly know how you just going to do my own thing and live for myself and not allow anybody bring me down. I suggest you do the Same,0,,0,0,0,0,0
142,9yosme,ea3ou67,Im failing life. Im failing and losing like in everything.,Same. And im not gonna stop failing anytime soon,0,,0,2,0,0,0
143,76967h,docjbun,Alone on birthday again.... I just wish it would all go away.,"Happy Birthday.. just to say I am an introvert, I get depressed but am not the clinical type, I am 45 and for also long as I can remember have never celebrated my birthday day except for a couple of time, this used to bother me some in my the past but not any more.",0,,0,2,1,0,0
144,8ddtra,dxmdx5u,"Why is it so easy to blame ourselves?. It's strange, sometimes when I make mistakes that clearly not my fault I blame myself for it, but why is that and how can we stop blaming ourselves for everything?",I'm trying to increase my self worth so I stop doing this exact thing. My frustration immediately gets taken out on the one thing I seem to hate the most: me. I've started to set small goals for myself every day so each day feels like a success when I achieve those goals. This has led me to branch out and actually put myself out there. In doing so I'm discovering a passion for mental health advocacy and rekindling a love for doing creative stuff. I'm not saying everything has immediately gotten better. Holy shit it hasn't. But this helps at least a little for me! Hope you can find omething that works for you. Let me know if you wanna talk about it,1,Let me know if you wanna talk about it|,0,2,2,1,0
145,79mrmc,dp3d78n,Is the good even worth it?. idek anymore. Too much bad...,The good is worth it! Hang in there! You can get through this because you're stronger than this! You can make it through cause the good will be worth it! Lots of love!,1,Hang in there!|You can get through this because you're stronger than this!|You can make it through cause the good will be worth it!|Lots of love!|,0,0,1,2,0
146,89t273,dwte8if,"How to find things fun again?. Nothing is fun anymore. I speak to counselors about it. I speak to a lot of people about it actually, but in the end I'm actually left really sad still.","I can only be less sad around kids. They have this energy and innocence that take some sadness out of me. I play with them, make them laugh, feed them, wash their hands. But, I am not around kids very often (I don't have children of my own and relative's kids I see them once a year). But yeah I know what makes me feel better for now. Find what makes you fee less sad, don't aim for the extreme fun and happiness all at once, just less sadness is good.",0,,0,1,2,1,0
147,6mz2en,dk5hftb,All good things must come to an end..... right? I don't know how to accept it though.,Yes. There will be more good things to come. Thats how you accept the end of a good thing. By knowing that there are new and intriguing experiences waiting to be revealed.,1,Yes. There will be more good things to come. Thats how you accept the end of a good thing.|,0,0,1,1,0
148,7611kq,doahydu,"Ready to get help, How the fuck do I do it?. I'm tired of feeling nothing, and dreaming of sticking a knife into my jugular. Do I call a doctor and say I need to be seen for depression? Go find some therapist then wait to be referred to a psychiatrist? Who do I call?","Here's the simplest way I can think of: 1- Go to your primary care doctor and report your symptoms of depression. Ask to be referred to a psychiatrist. If you can immediately see a psychiatrist, go for that. 2- Get into therapy, it really helps. Use psychology today to find good caregivers in your area. It really helps. I'm assuming you're living in the U.S., but regardless, I wish you the best of luck.",1,I wish you the best of luck.|,0,0,0,1,0
149,9yscx7,ea3wp6s,Is it okay to be alone?. Where is the line drawn that defines introversion vs isolation?,When you're alone do you find that you can be content while also taking care of yourself or do you start to feel like you're slipping and increasingly become overwhelmed and unable to do daily things to take care of yourself? Sometimes it can be hard to understand what's going on inside and it helps to watch what you start doing/stop doing instead.,0,,0,0,1,1,2
150,9y3cea,eb4ngh9,"Having a will to live is insanity. I firmly belive that wanting to live this hell hole of a struggle called life is completely bat shit insane. Who in the fuck can justify all the misery for the little dopamine Highs we get every so often. Maybe the suicidal ones are the sane ones, the ones who understand that it just dosnt fuckin matter. Life fuckin sucks, it's a fact. How are we the mentally Ill ones for understanding that to its truest extent. We see life as it is, a fucking hellhole that's justified by bullshit excuses.",what life path are you,0,,2,0,0,0,1
151,5u2gfn,ddqvj15,"People with no depression think that time is limitless. After a lot of thinking, I figure that a lot of people who don't suffer depression don't have the sense of time. There is just not enough time during the day (or year) to get to where you want or achieve what you want. People without depression can be so optimistic to start going to the gym at 40 or start a new business at 50. Time is very stressful to me, and the optimistic ones seem to live in LaLa land where they think they can get everything done and everything will work out great. Sometimes they shortcut it by cheating or doing so-and-so job to get that promotion",Yeah my life is over already I'm 22 and there's literally nothing I can do to start my life. People keep telling me I am young and have plenty time left for everything. It's just not the case though when you have nothing and never have there is no chance of you ever having anything and having a life.,0,,0,2,1,2,0
152,4dzqlc,d1vsh2w,"Anyone else feel that crying is kinda liberating?. I know it makes nothing better, but it kinda makes me feel a little bit better","knows we need never be ashamed of our tears, for they are rain upon the blinding dust of earth, overlying our hard hearts. I was better after I had cried, than before--more sorry, more aware of my own ingratitude, more Charles Dickens",0,,0,0,2,2,0
153,5xtisn,dekpofh,Why am I so fucked up?. I just bombed my bio test and ruined my whole quarter. I went into the bathroom and purged my breakfast out. Now I'm crying in the bathroom floor in the school and Idk what the fuck to do next.,"Talk to your teacher. Sometimes they're willing to give extra credit if you do additional assignments or labs. Also, many teachers will at least pass a student if the student goes to them and shows that they're really making an effort in the class. One test will not ruin your life. I promise. :)",1,One test will not ruin your life. I promise. :)|,0,0,0,1,0
154,8l48lt,dzcotai,FML i just asked my best friend(F) to a dance over text.. The waiting for an answer is sending me in a downward spiral. Edit: Still no response after 6 hours. I think it's a No. Edit2: it's a No but we'll still dance together.,How long have you been waiting,0,,2,0,0,0,1
155,88em9f,dwk0ev3,getting ghosted. I just started getting ghosted by another person.,You have one of the best names ever seen.,1,You have one of the best names ever seen.|,0,0,0,0,0
156,5qe43n,dcyiloo,Is there a difference between compassion and pity? Can I get better at recognizing it?. I hate opening up to people because I am afraid they'll throw a pity party for me. I don't want to be pitied; I want to be understood. But it seems like everyone's first response is pity. It makes me feel like a burden to them.,At least it's something. Would you rather have them pity you or not give a shit? I feel alone with everyone I'm around. I think it'd be worse knowing I'm truly alone. Embrace it because they love you regardless how you are as a person. (How's that for not wanting to be pitied? ;) ),0,,2,2,0,1,0
157,6s3re3,dl9wahl,Does anyone else feel like they are meant to be in misery?. I've been broken since day one.,"I feel the same, I feel as if I was born defective.",0,,0,2,1,2,0
158,9uva8p,e97d5em,Sister is depressed how can I help?. My sister is 4 years older than me. She has been depressed for at least 4 weeks maybe longer. We don't live in the same city. Based on your personal experience what kinds of things do you like to hear from a loved one? That makes you feel better?,"This is really sweet. Send her horrid memes, lol. Or maybe remind of something really funny that happened between you two in the past. You can mail a small box for like $5, mail her a letter and some of her favorite candy. Any small thing you can think of that just might put a smile on her face would probably help. Even if just a phone call or text.",0,,0,0,1,1,0
159,6mej0n,dk0xaff,"If my depression makes me undatable, why shouldn't I kill myself?. I'm depressed because I'm alone and I'm alone because I'm depressed. Women are too difficult, I will never understand them and I will never change, why shouldn't I buy a gun and fucking shoot myself?",Because you are important! Your life matters! You shall find someone who will be understanding and there for you when you are depressed. You just need to let yourself be vulnerable and keep dating until you find the right person. It may take awhile but it's worth the wait. For you and that future person.,1,Because you are important! Your life matters!|,0,0,1,2,0
160,4gc2wl,d2gcsuz,I like alcohol.. It's temporarily numbing my depression. Nice trick,"When you start alternating the shops where you buy your booze in order to hide your problem from the cashiers (not sure it's the right word, I'm French), you're pretty far gone.",0,,0,0,0,0,0
161,6568lp,dg8kmwp,"Happiness is a choice. Then why is it that I so desperately want to be happy, that I go through psychologist after psychologist, and take medication to help me, but I'm still not happy?",I hate when people say things like that. Why on earth would I choose to feel this way?,0,,2,0,0,0,0
162,4jgumh,d36unrk,Why the fuck do I have to succeed?. Why can't I just be human for once.,"You don't. All my life I've scorned going to college because it held no value for me. I plan to become a traveling hermit and live in the wild with a tent or tarp. I consider myself a successful human being because I've cultivated my mind. I've figured things out. I've matured enough to manage my own personality (as in, not being one of those if you can't handle me at my worst, you don't deserve me at my best people). Stick with what makes logical sense (you don't need to be successful in the graduating and having a high-paying job sense), not what people will validate, because they won't collectively validate everything that makes sense (namely, the idea in parentheses above: the same idea that you don't need to be successful; most people aren't going to validate that, so fuck them). If it makes logical sense that you don't need to be successful in their bullshit sense, go with that, regardless of whether people will back it up. Logic over worthless people's worthless validation.",0,,0,2,1,0,0
163,74hxfg,dnyg16d,"You can't be sad, you're always so happy.. It hurts so bad when people tell me this.",This is the sentence I fear the most. It's why I've never reached out to anyone.,0,,0,2,1,2,0
164,6sg4bb,dlcgv5y,"Tired, fustrated, distraught. Wish no one had to suffer bad feelings",_Unfortunately_ _There are thousands of people_ _Suffering like us_  &amp;nbsp;  &amp;nbsp;&amp;nbsp;&amp;nbsp;&amp;nbsp;&amp;nbsp;&amp;nbsp;&amp;nbsp;&amp;nbsp;&amp;nbsp;&amp;nbsp;&amp;nbsp;&amp;nbsp;&amp;nbsp;&amp;nbsp;&amp;nbsp;&amp;nbsp;&amp;nbsp; ^- ^super_g_man2  ------------------------------ ^^I'm ^^a ^^bot ^^made ^^by ^^/u/Eight1911. ^^I ^^detect ^^haiku.,0,,0,0,0,0,0
165,6cfedu,dhuahrv,"I'm not willing to kill myself.. Tempted to hire someone to off me, though.",Is it sad that one of the biggest reasons I haven't killed myself yet is anticipation for future games?,0,,0,2,0,1,0
166,5g8uxh,daqeemk,Going to end it soon. I'm an 18 year old kissless virgin. I'll probably die alone becuase all the cute girls are dumb. I think I'm going to end it soon. Going to cut tonight. I hate life.,Not really.... some of them do. And those people will end up not doing much with thier lives. Do you have any passions? what are you doing with schooling? Work towards earning a fuck tonne of money so that you have power and money when you are older.,0,,2,0,0,0,0
167,7wy8wm,du4866g,Any advice for attachment issues?. I get attached to people easily. Any advice?,Main focus should be on yourself and your own personal interests. Be solid on a self-development mindset. Be more self-aware of yourself and your goals.,0,,0,0,0,0,0
168,74kuxf,dnz55he,"I feel like i could be a much more successful person if i I wasnt me.. my genetics are shit but I sometimes feel if my brain we're transplanted into a good looking person I could be more persuasive and a leader. Instead, my genetics made me an ugly fuck that no one would want to interact with.","That's possible, but you would still have to land on the high end of all probabilities. You shouldn't let you looks hold you back. Genes don't matter as much as health consciousness and maintenance. Some of the ugliest, crud genetics individuals I've known in my life put a lot of effort into things and have turned out to be quite remarkable people. I've allowed myself to rot and am just living it up in the human decay cycle.",1,"That's possible,|",0,0,1,0,0
169,8gb9cb,dyad77j,You don't have the right to be depressed.. I was told this by my boss today. What an asshat.,What do people know it's easy for someone to judge without knowing all the facts wish people would think before they speak.,0,,0,0,1,1,0
170,7waet4,dtyyuqx,"Coffee doesn't cure depression, but it helps.. For me at least. It wakes me up mentally and physically. It combats my low energy caused by depression and when I don't have it the difference is like nignt and day.",Same :) But like 50/50 chance caffeine will make me awake and motivated or panicked and anxious,0,,0,2,1,1,0
171,9oalix,e7sovkk,delete my existence. stuck as always. something broken...,Go for a walk or run. Get tired so your body feels like shit. Then your mind will focus on that shit feeling instead of making them up. It works for me,0,,0,2,0,0,0
172,a9n8c9,eckt1g3,"what happens if you take 6 clonidine (catapres) tablets?. one question, what happens if you take 6 clonidine (catapres) tablets?","How many milligrams are each tablet and how much do you weigh? If you're looking to kill yourself, clonidine can't kill you. Just put you in a coma. Which will only make the suffering worse. Please do not attempt suicide using anything. It's Christmas, man. You can reply to this if you need to vent or anything, I'm here for you dude. Again. Don't attempt suicide. Please. For me. A stranger on the internet who cares more than you think.",1,"You can reply to this if you need to vent or anything, I'm here for you dude|Don't attempt suicide. Please. For me. A stranger on the internet who cares more than you think.|",2,0,1,2,2
173,5uqfup,ddw20tl,Literally Bawling my eyes out.. Life absofuckinglutley sucks. WHY was I fucking born. Why am I human? How is it that existence itself is complete bullshit.,What's going on at the moment that is making you so upset?,0,,2,0,0,0,1
174,5yn40f,dercait,Today is so hard.. Please send tips for cheering up.,Try and do some activities that you like to do. Watching a good movie can go a long way! Do you want to talk about why today is so hard though?,1,Do you want to talk about why today is so hard though|,0,0,1,1,1
175,9jtybq,e6uq6cf,Does anyone want to die but have no motivation to do it?. It can't be just me. Or maybe it is.,It's the last thing I'll do. But I have too much to do first.,0,,0,0,0,1,0
176,6hja2a,diytsoe,Need Someone to hold me. Feel like I have nothing left,I would hold the shit out of you,1,I would hold the shit out of you|,0,0,1,1,0
177,7cy920,dptjnis,Life just isn't good enough. And the following week has been a crash after crash.,What sorts of things are bothering you?,0,,1,0,0,0,1
178,6vb23p,dlzfhp4,Had to promise not to kill myself. Dont think i can keep it.. My therapist made me promise to not kill myself but i cant keep suffering,"I had this perception for a long time myself. But I realized eventually it's because I wasn't reaching out to them myself. I'm here, and I haven't forgotten about you. I'm here to help! :)",1,"I'm here, and I haven't forgotten about you. I'm here to help!|",0,2,1,1,0
179,4bzrbo,d1dznqe,"Today my greatest achievement was redeeming my free burrito at chipotle. At least it tasted pretty good and I got double meat with guac. Spent the rest of it self loathing, self medicating, and listening to music I would never admit to liking.",I lost my coupon unfortunately. Ended up going to Subway,0,,0,0,0,0,0
180,5roudh,dd933ol,Does anyone else get a huge burst of anxiety any time they try to do anything?. It's like my brain just goes into panic mode and screams You can't do anything! You can't do it so stop trying and go back to bed!. It's midterm season and I'm behind on all of my courses. Kill me.,"It happens. It used to happen a lot for me in my final year of uni. Best thing for me was to call someone and they'd talk me down. It's not easy to study when you're crying, shaking and hyperventilating :/",1,It happens.|,0,2,2,2,0
181,8fynpz,dy7z0ui,Is sleep suppose to be better than being awake?. I have pretty much always like being asleep more than being awake except in the best days of my life. How do you feel about sleep? Would you rather be asleep or awake? Lately espically all I want to do is sleep.,"Yes, this is how my life is right now. Dreams that just torture. I honestly believe that humans were programmed to forget dreams. You participate in this perfect personal world where you can do anything, and then, every morning, you are jolted back into a crushing reality that never changes. It would drive everyone insane. It's driving me insane.",0,,0,2,2,2,0
182,7xxq8a,ducpyn6,"donald trump think hes smart.... if you think ur smart u can be president even if ur an idiot, its all about self esteem, and 50% of idiots voted for him, or maybe they just did for fun , its so depressing","Just don't let it bother you, in the grand scheme we're all going to die anyway so",0,,0,0,0,0,0
183,81xqyg,dv5y3a2,Anybody else just thinking of entering self-imposed exile?. I really fucking hate society and how it shoves its standards down my throat.,Where does self exile exist as I never found it,0,,2,0,0,0,0
184,8224i9,dv6vl5v,Nostalgia is a very bad reminder of what my life used to be. I wish i could live my life from when I was born again.. I miss the days of my parents carrying me to bed. I miss the days where everday was a new adventure. :(,"The only part of your life you get to experience is the present, and you gotta set aside some of that experience for the future. The past will always be happier or sadder because you have to recreate it every time and it gets a bit more distorted every time.",0,,0,0,0,0,0
185,6yao7x,dmmccze,"Does anyone else feel like being alone actually helps depression?. It's strange but it seems like when I'm away from people I can just be myself and do whatever without anyone criticising me, and I can also just enjoy the silence.","When i have good days i think about what was different. Many times my good days are ones i spent someplace else by myself. Like a town the next county over, for example. Recently i went into a city at dusk and just walked around by myself. I was never alone but i wasn't around anyone who knew me. It was good. Didn't end the dep but it was good.",0,,0,2,2,1,0
186,96uclb,e43fgm3,I have nothing to live for. I have no hope. I have no motivation. I have a job. tired of feeling depressed. I want to give up.,Hey sorry things are blank for you just hold in there and try to find something unique about yourself or make something and give it a purpose in your life. motivation have to come from inside yourself alone it can be other places or times,2,Hey sorry things are blank for you|,0,0,0,1,0
187,7yolb7,duiu4m4,Happy birthday to me. I dont wanna be older i want to end this,"Happy birthday my dude. definitely get better, I promise.",1,"Happy birthday my dude. definitely get better, I promise.|",0,0,1,1,0
188,9uev1g,e97qrmp,"How do you hold down a job when you’re depressed?. ...or a family, for that matter. G-d I hate this.","Wow, I'm kinda the opposite. I work at a legal firm too and sometimes I feel like i chose the wrong degree to pursue, i feel more lost and depressed working in law than I was before. What kind of work does your firm do?",0,,2,2,0,0,0
189,7g2kh1,dqg3z1n,Anybody else think depression is just part of life?. Can anybody please elaborate? Thank you in advance!,"Watch anything about Jim Carey and his philosophical beliefs. He considers depression as deep rest, you denying and separating a part of yourself from you as you move forward and grow.",0,,0,0,0,0,0
190,5zfnq7,dexpjft,I feel so empty.... and I don't know what to do...,"What would you like to do? Hugs, hope things become better for you soon! :)",2,"Hugs, hope things become better for you soon! :)|",2,0,1,1,1
191,9jr5g9,e6tu3w8,Does anyone else get a kind of restless anxiety? How do you deal with it?. One aspect of my depression seems to be an inability to sit down and focus on anything. I have a constant level of anxiety and A short attention span. My interest in things dies very quickly. Has anyone dealt with this and found a way around it?,"When I watch films.Unable to concentrate on anything else,almost unable to take rest.",0,,0,2,0,0,0
192,537kzt,d7qp6vk,my dad hits me. and he took away my xbox,Could you call child protective services?,0,,2,0,0,0,0
193,ap7c4c,egi89r2,I don't want to fail everyone I know.. Too bad. You did. ( future self ),Your friends probably know what going through and can help you. discourage help that you know you can get if you need to talk to someone then tell them. I know it can get hard and I hope your Day the worst.,0,,0,0,0,0,0
194,4ruq3i,d54ik50,My disabilities destroyed my life.. There's nothing I can do about it.,:( Are you on disability at all?,0,,2,0,0,1,1
195,9ky75u,e73qt0s,"One of the cruelest things I’ve learned is that it’s not my face that’s ugly, but my personality.. Seriously. *Who I am* is ugly.",You're lucky then. I'm just ugly.,0,,0,0,0,0,0
196,8ipepn,dytna7e,What do you want to be when you grow up.. Dead. I don't know what to do with my life or what I truly love when all I really want is to not exist.,Dead but what does fully grown up mean? I have my own house and a job etc. Am I fully grown up now?,0,,0,0,0,0,0
197,5t2a3a,ddjtgkq,Hey. I'm trying to find people to add on either PS4 or Xbox one I know this is a deppresion group and this is related to how my deppresion affects me I'd like to find decent friends on there for those who have it I'm happy to explain if Need be,"Sorry man, PC masterrace here. Hope you'll spruce up your friend list nicely.",2,Sorry man|,0,0,0,0,0
198,4tq56t,d5jbok8,"Does anyone else have insomnia?. I notice that on my worse days (of course every day sucks but you get what I mean) I find it very hard to get to sleep, I was just wondering if this is something anyone else experiences.","No, that's what I'm doing and it isn't working.",0,,0,2,0,0,0
199,abtc0o,ed33cig,"I haven’t showered in five days and I’ve been eating so much junk and drinking so much fucking soda.. My depression is fucking winning right now, I have absolutely no energy to get out of bed, not having any happy thoughts, gaining weight and I stink terribly but I bring myself to get up and do anything about it I just want to give up.","I take baths all the time because it takes less energy than a shower and it feels good. And try just having a glass or two of water, the littlest things that can make the biggest difference. Good luck",0,,0,2,0,0,0
200,6m3598,djyip31,Whats the point. I make it a point to show other people friends i care about their artistic endeavors and i never get anything in return what is the fucking point. I cant tell anymore if its me thats screwed up or if i surround myself with assholes.,"Try not doing it to expect something in return. It feels really forced. I know you probably don't actually care, but pretend like you really do, with the mentality that you're doing this to make them feel better. It's gonna take some acting, but it has to be genuine.",0,,0,0,0,0,0
201,6gkpdp,dir2ilp,It could be only worse.. Life never gets better. Try to accept it.,Your foundation needs to fall down before you can start rebuilding. Have you started the plans the blueprint? List everything on a paper or make a note in your head what you need to do to make things better. I'm still rebuilding right now. But I don't have this dark ugly building that overshadowed me. Now I can start thinking what the fuck I need to do in order for my new building to be beautiful the way I want it. It'll take time but it's all worth it. Allow yourself to rebuild.,1,It'll take time but it's all worth it. Allow yourself to rebuild.|,0,2,2,1,0
202,8siua8,e0zt1c7,I'm just tired of being tired. What the title says. I'm just beat.,That makes me tired just hearing that. Feel free to message me if you want to vent. a good listener,1,Feel free to message me if you want to vent. a good listener|That makes me tired just hearing that|,0,0,1,1,0
203,7rmqzi,dsy41wd,I'm so ready to die. There is nothing for me in this life,"but how can you play sims when you're dead? jokes aside, don't do anything okay, calm down. life will bring beauty, hang on.",1,". life will bring beauty, hang on.|",2,0,1,1,0
204,47ovs3,d0irtkf,Woke up this morning. Off to a bad day already. I would never hurt myself but I do pray every night that I don't wake up. I accidentally saw a pic of my ex with a new guy and it hurts. We were suppose to move in together and ger married and everything. Fml x infinity,"Keep positive man, the best thing you can do is focus on yourself and your endeavors. Never quit, never give up. You got this man.",1,"Keep positive man, the best thing you can do is focus on yourself and your endeavors. Never quit, never give up. You got this man.|",0,0,0,1,0
205,aqskup,egib2xm,"I’m sorry I’m too depressing, don’t hate me.. I think I could blame you if you did though","I've felt obligated to say that to friends for so long. But a lot of them (the good, right ones) insist I don't. Because I've been there for them, they should never argue I'm too much for them if I do the same. Just know anyone who cares for you will help you.",0,,0,2,1,1,0
206,9bh63s,e5305ra,Bamboo. I bought a bamboo plant from my local chinese store a few years ago when I first started feeling depressed. To this day or is still alive. Just wanted to tell people that I feel proud I can keep something more alive than myself.,"I'm going to buy a few lemon plants and plant them in a cute Groot pot just for this reason. Btw, have you considered getting a pet? I don't like pets (bad childhood experience with wild dogs) so it's not for me, but generally people who like keeping a plant alive would love to have a happy, living pet around them",0,,2,2,0,0,0
207,a6l7d7,ebw3brs,"I am afraid that I will be spending Christmas entirely alone.. Title says it all. Working too much to have made plans, maybe it was partly intentional. Anyone else in a similar boat?",I am sort of in a similar boat. There are lots of people around me but it still feels like entirely alone. prepared to spend most wonderful time of the getting drunk everyday until school starts again. And then starting another draining semester.,0,,0,2,1,1,0
208,5pwf8u,dcudr7m,Apparently my options for dinner are chicken and dumplings or taco stuffed bell peppers.. So I don't care either way. I'm just gonna sob my eyes out then refuse to get out of bed tommorow. Kinda wish I was a little more assertive. But I'm not. Maybe people's be better off without me. But don't want to hurt anyone that might actually give a shit. And whenever I try to eat food that doesn't make me hate my life my family acts like its the end of the world for me to not participate in being a monster. Ugh. Sorry. Just feel like crap.,It seemed like you're upset because the only dinner options are meat?,0,,2,0,0,0,1
209,6nyv8u,dkde6ch,"Kinda hope I dont wake up tomorrow. Had a fight with a friend, i was a dick.. now i cant escape this shit feeling no matter what i do. She thinks its her fault and i dunno what to do so i wanna die",Can you reach out to her and tell the same thing to her that you told here right now? I think it could help you. And her.,0,,2,0,0,1,1
210,71nl5e,dnc4ov3,Fuck all this.. Fuck this shit. I don't even care anymore.,Same here man. at the point where all I can say is fuck life,0,,0,2,0,0,0
211,6f7nod,digotbd,Man it feels good being a non-functional member in society with no sort of social skills what so ever :^). still planning to kill myself before 30 :))),ugh let's have some pizza.together,0,,0,0,0,0,0
212,61par0,dfgfa4q,When was the last time.... Someone gave you a hug?,"If you don't count my mother or family members, about 3 years.",0,,0,2,0,0,1
213,6ebw3e,di9iees,"I thought about paying an escort just to have a conversation. It's a good idea, don't even lie","Whaddup Holden! Also that's what a therapist is for, they just don't dress as sexy and wont blow you while you cry",0,,0,0,0,0,0
214,6br444,dhpyawv,Emergency therapist. I can't find an emergency therapist...why is this hard?,Yeah. I think it's considered an emergency only if you are posing an immediate threat of suicide. You must be feeling as much pain as I have felt and so I feel bad for you and hope you find a way to feel better soon. Paul,1,I feel bad for you and hope you find a way to feel better soon. Paul|,0,0,1,2,1
215,5g64aa,dapsdkn,"I wish i had a partner. Someone to love, and to love me back. It would not solve everything, but it'd make me a lot happier. I know i know, i'm being a little bit entitled for this. But damn, it would be good to have a partner.","I know the feeling. I had a girlfriend until May of this year, and part of me regrets breaking up with her even though we weren't meant for each other. Part of me wants to be in a relationship, and the other part thinks it would be a terrible idea and that I should be alone for the rest of my life. Admittedly, it is partly just because I'm lonely, which isn't a great thing for me to build a relationship on.",0,,0,2,2,1,1
216,7g7c4z,dqh5k2h,What if depressed people are the sane ones?. I think some people don't care about nothing in this life because they're conscious that nothing really matters and they are the ones who can see the real mediocrity that is the world. (Sorry for the grammar I'm italian),"There are actually some studies that support this: depressed people are more likely to correctly assess probabilities and risk/reward in many situations. However, we also have documentable thought process issues, the primary being black and white thinking, all-or-nothing. So I don't think we get to claim to be the sane ones. ;)",0,,0,0,0,0,0
217,7i9p0y,dqx4tac,Can somebody tell me it'll be okay?. That I'm doing fine? That I don't have to be perfect and that I haven't really done anything wrong?,"Of course you don't have to be perfect. As long as you're doing your best, that's all you can do. Everyone makes mistakes, no one is perfect. Hang in there bud.",1,Hang in there bud.|,0,0,1,1,0
218,59kyhs,d99arst,How do I tell someone that comments like cheer up aren't helpful?. I don't want to come off rude or anything. The seems that the person cares about me. I don't want to say anything mean to them or hurt them. I just want them to know that those comments really aren't helpful.,"Tell them that you appreciate their support, but feel that you aren't sure if cheering up will help in your situation. They'll understand.",1,"Tell them that you appreciate their support, but feel that you aren't sure if|",0,0,0,1,0
219,al9504,efbylkc,it feels rlly good knowing everyone will be able to continue w/out me. peep me hanging on a noose by the spring time,Whats going on why do you think things would be better without you or why does it make you feel better to think that you will not be around anymore?,0,,2,0,0,0,2
220,9b70j5,e50uepj,"If famous/motivated/successful people still get depressed and kill themselves, what fucking chance do I have?. I'm literally not good at anything.","50/50, because poor/beaten/destitute people still can live happy and fulfilling lives. Keep faith.",1,Keep faith.|,0,0,0,1,0
221,83fr3i,dvhjh10,"Someone to chat with. Hey there- I'm going through some rough times lately. Looking for someone to chat with, 26M if that should matter.","DM me anytime, my dude.",1,"DM me anytime, my dude.|",0,0,0,0,0
222,akifiq,ef532d6,"I miss my bf so much it hurts, he was the only one who made me happy.. Now I do anything about it.",how did the relationship end,0,,2,0,0,0,1
223,6xrpju,dmi5moe,i dont want to die. i dont want to be nuked. i dont want to go to war. i dont know what to do with these feelings. every night i have anxiety attacks thinking about everything thats happening and its too much. i dont know what to do anymore. i can't keep ignoring everything.,I think you should try to get a therapist to open up about what you're going through. opening up to someone that you trust can also help you because bottling up your feelings will just worsen your emotional state,0,,0,0,0,1,0
224,784d64,doqyzoj,"Is it stupid to seek a therapist, even thought you have a gut feeling you are going to kill yourself anyways?. I know it's stupid. I just want to hear what you guys think.","no, never. seeking a therapist is supposed to help you stop thinking like that. i think its good to seek a therapist, especially if you're highly suicidal.",1,"no, never. seeking a therapist is supposed to help you stop thinking like that. i think its good to seek a therapist, especially if you're highly suicidal.|",0,0,1,1,0
225,8o55z8,e010t64,"Why do I want to feel sad?. I have been doing better with managing my suicidal thoughts, but now I gained some sort of longing for them and the feelings attached to them to return. Trying to understand why.",It might be because it's all we've ever known and were scared that anything else will be worse,0,,0,0,1,1,1
226,8qsu74,e0lrogg,Hobbies. I need to come up with some hobbies that can substitute drinking and drugs for me. Everytime I start something it seem fulfilling and a waste. I also hate doing things alone but I have developed serious social anxiety over the years. I know!!,"Do you like art? Reading? Movies? Things like that. With the job and time restraint, have you thought about possibly making a schedule for yourself so you can find time to do group activities? Edit: Also, with the drinking and drugs, do you have time for that or is that during work hours?",0,,2,0,0,0,1
227,71g1s5,dnai6tf,School is stressing me the fuck out. Makes everything feel so pointless,I feel the same fuck school,0,,0,2,0,1,0
228,9f0jbu,e5t02dc,zero motivation. go to classes the last two times i see the point anymore in fact i see the point in anything anymore i just wanna be here,"I know exactly how you feel. I can't get myself to study or do any work. Sometimes it really makes me worry about my future, and other times I think Am I even planning on staying here that long?",0,,0,2,2,1,0
229,9pzw22,e85u8jx,"Circle of my life. I'm depressed and fat, so I eat to feel better. Which then makes me more fat and depressed. It's a never-ending cycle. I hate myself.","Same thing happened to me. I used to work for my uncle as a dish washer in a banquet style setting. I didn't do this out of depression but I hate wasting food (a trait I acquired from my grandfather) and lots of food was always being thrown out so guess what I would do? I would eat that delicious food all the time. I gained some 80 or so lbs in about 5 years. Went from 130 to 205. I quit that job about 7 years ago and have since lost most of the weight. I am currently 125 and still trying to get rid of the gut. &amp;#x200B; Go to the gym, eat better, and please please please don't give up on yourself.",1,please please please don't give up on yourself.|,0,2,2,1,0
230,6hpr6j,dj0h4o3,"Yesterday my dog died, not sure how to move on.... Yesterday my dog passed away, i just feel empty as hell, not sure what to do, it's quiet without him, he was my best friend.","I'm so sorry you're going through this.. My dog passed away two months ago so I know how painful it is :( I adopted another dog, I was still upset but it definitely helped me with the grieving process.",2,I'm so sorry you're going through this|,0,2,2,2,1
231,424dis,cz7j4dv,That moment when you realize. you're cold on the inside.,I get where you are coming from. I don't feel cold. I feel hollow and my insides are black.,0,,0,2,1,1,0
232,5nsdwn,dcdx1kl,How do you know if you have depression?. I think I have clinical depression and social anxiety. I really don't want to see a therapist until I have things mostly confirmed.,"If you think you have it, you probably do. If you see a therapist they'll give you pretty much the same questionnaire that you can find online. I recommend seeing a therapist soon. The diagnosis isn't really important, if your mental health is affecting your ability to live a normal, happy life, then you need to see someone. Good luck.",0,,0,0,0,1,0
233,ahkzpu,eegqnkk,Most of my life has been me chasing highs and lows just to feel something. Anything to stop feeling numb,"if you need someone to talk to, you can add my snap emma.xlea i know music wont help this feeling, but i recommend high highs to low lows by lolo zouai. it helps me feel a little bit more refreshed.",1,"if you need someone to talk to, you can add my snap|",0,2,1,1,0
234,6eztq9,dieepi5,"I want to die.. I want to OD in my sleep or put a bullet through the side of my head, it's just so hard to live I don't know how other people do it.","That solves nothing and will hurt your loved ones to no end. The road to recovery takes a long time and is so much hard work, but when you get there everything will change. Seeing a doctor and getting antidepressants is the first step. The second step is finding something, ANYTHING, to get out of bed for. For me it was my cat. I would go without eating for days because I didn't want to leave my house, and I didn't want a delivery man to see the state of my house and myself. When my cat ran out of food I would suck it up and go to the store so he wouldn't be hungry. When he curled up with me I felt good, at a time that nothing else felt good. He passed a few months ago, but he flat out saved my life and I'm constantly grateful. Life can be overwhelming, especially when you feel the way you do. But you can make it better. Don't be afraid to ask for help.",1,"Life can be overwhelming, especially when you feel the way you do. But you can make it better. Don't be afraid to ask for help.|",0,2,2,2,0
235,8v6wug,e1l0sjl,Feel like nobody likes me. I have had this feeling for a large part of my life. I try to bring myself out of it but I always end back to thinking this. Anybody have any advice to combat this?,Sorry to hear you have felt this way for so long. Some more background would be helpful. Were you ever bullied? Do you have a circle of friends?,2,Sorry to hear you have felt this way for so long.|,2,0,1,1,2
236,8fhtjt,dy4kwcf,Does living at home make anyone else’s depression 63939395 times worse. I just feel like a little kid and a loser,yeah :/ my parents make me anxious to the point where i wont get food and water because i'm afraid of running into them. glad to be moving out,0,,0,2,2,1,0
237,3vacmu,cxmd6m7,"Watching my favourite tv shows/movies feels so exhausting.. Whenever I watch them I feel so exhausted and bored, even though I really love them. I lost interest in doing my favourite things and it hurts so bad.",Thank you. This is the first time I have been able to really associate my exhaustion with watching television or movies. I also hate it when I have to feign interest watching things sometimes - it gets to where I feel physical pain from the effort of looking engaged.,0,,0,2,2,1,0
238,78ucly,dowz94z,Ugly af. Being a solid 3.5 and having a thing for 10s is tough,"Everybody has a thing for 10s tho, numeral ratings for people are dumb anyways. If you get to know people you can develop feelings for them not only based on physical appearance or even find out after all they're not that attractive in the end. Granted it plays a huge part initially and people who say otherwise are hypocrits but yeah it doesn't just stop there. But still, I am ugly and I hate myself haha",0,,0,0,1,1,0
239,86rfig,dw8m419,"Does anyone else get the feeling that everyone around you is living a fuller, happier, more complex life full of promise?. Everyone around me seems to be doing better; like happier, like they know something I or figured it out. I know everyone has their own problems, but everyone else overcomes theirs. I feel stuck; even when I make progress I feel slow, like behind everyone.","Well, if you looked at how those people spend their time. It would probably be very different than how you spend your time. So it kind of makes sense that they would have different results and resulting feelings about their life since their life is so different. But the good news is, you can have a happy, fuller life too. What you should do is list out the top five things you don't like about your life. Then you should spend some time working on the one that is bothering you the most. In my experience, when I was unhappy with my life it was because I was neglecting some part of my life that was really nagging me. Rooting for you! Hope this helps.",1,Rooting for you! Hope this helps.|,0,2,1,1,0
240,47nm79,d0eacce,"Maybe suicide is the answer. People say it gets better. Well, for the past four years its been getting worse. What's the point of living if there's nothing worth living for? I'm thinking of finally going through with this.",I promise it's not the answer. You're at a low point right now. Things will get better you really just have to wait. Call +18002738255 if you feel really bad. Do you see a therapist?,1,Things will get better you really just have to wait|Call +18002738255 if you feel really bad|,2,0,0,1,1
241,7hvmne,dqugpc1,"I don’t think people love me. They love versions of me I have spun for them, versions of me they have construed in their minds. The easy versions of me, the easy parts of me to love.. But no one will ever love me",What really gets me is I feel like no matter how good friends or how much someone loves you they use you something and if they using you for something they associating with you.,0,,0,0,0,0,0
242,3z0e0s,cyj2mnx,"I may be a hot mess, but at least I'm hot. The optimistic look at having Anxiety and Depression",in that case i'm a cold mess.,0,,0,2,0,0,0
243,a3phop,eb91cin,"Do you ever feel like running away?. Do you ever just feel like running away somewhere far away, move to another city or country, changing your whole identity, exploring new things, finding new opportunities and meeting new people. Just leave this life behind and start a new one.",I have many times i have made plans and let them go i want to try agean just to get away from it all i just want to hop on a train and go whare it goes and maby be hapy for once in a long time sorry for bad gramer and bad spelling,0,,0,2,2,1,1
244,6oxjyn,dkkyyv8,"Anyone else spend countless hours searching for the perfect chatgroup?. I drift in between communities when I'm lonely and somehow, the next one might be 'the one', where I get loads of friends... If anybody knows of one pls let me know","I'd like to be in a chat group to get to know people with different experiences of depression, but I don't know of any.",0,,0,0,0,0,0
245,5ods3n,dcj89x5,At the end of the day nobody really gives a shit.. I feel so fucking alone.,So fucking true... Nobody does.,1,So fucking true... Nobody does.|,0,0,0,0,0
246,855jb1,dvuuq4n,Sleep is my only way to escape the pain and emptiness and I can't even do that.. I'm so tired. Body and soul.,Same at the moment. But realized that the way to deal so we can truly escape the pain and emptiness is by dealing with it. We want to ignore our pain so we have to deal with it but that never works out. So deal with our problems head on and TRULY acknowledge them. Of course the hard way to go because going to hurt so much but after that process we will be free of our pain. We really escape the pain by going through it.,0,,0,2,1,1,0
247,7mm30t,drv7c5t,NYE 2018. I hope I'm dead before 2018 begins.,"I know, we all hope for that but at the same time we all hope for better days. Maybe they're coming maybe not. But please don't do anything permanent. If you ever want to talk i'm here almost all the time.",1,But please don't do anything permanent. If you ever want to talk i'm here almost all the time.|,0,0,1,1,0
248,9izscx,e6nntse,"We'd be 15 today. I miss my wife, terribly. That is all.",so sorry my friend. I hope found something or someone to help you fill a part of that void.,2,so sorry my friend.|I hope found something or someone to help you fill a part of that void.|,0,0,1,1,0
249,8wxyee,e1zb67t,"When you wanna OD but there’s just too much going on. I had plans to attempt an overdose tonight, but then i forgot i had to work in the morning... My birthday is coming up... i have a vacation this weekend... ugh guess have to reschedule",why do you want to OD?,0,,2,0,0,0,1
250,55kkc7,d8bd23m,aaaaaaaaaaaaaaaaaaaaaaaaaaaaaaaaaaaa. holy shit I'm a fucking mess,"I almost broke down crying just then for literally no reason. All of a sudden I started feeling anxiety - had to get up and walk around, knot in my chest, felt like a panic. Was super fucking close to texting my ex, only reason I didn't is because i know it would make me feel fucking shittier",0,,0,2,2,2,2
251,auo0t4,eh9cb6a,"My parents wont allow me to sick medical assistance because they think my depression is bs. Title. I'm 16, got no money. What to do?","Ask your school counselor what resources they can give you. Just go into the office, ask for the counselor, and see what they've got.",0,,0,0,0,0,0
252,7wiknq,du0mkc2,God being alone sucks. not just taking about being single. Actually living alone... :/,"Maybe you can find a room mate or something ? Idk what type of housing you live in (e.g. apt., house, renting, etc.) but that may help cut monthly expenses in some way too if that's something you're looking for. Maybe get a pet if your housing accommodations allow it. Pets really help with loneliness and depression sometimes. People can even actually get their pets registered as official emotional assistance animals. In some cases, they will be allowed to live in certain housing areas in which pets would otherwise not be allowed. Sometimes it's easy to focus on the negative of living alone. But there are tons of good things about it as well. You just gotta look towards those as well.",1,Sometimes it's easy to focus on the negative of living alone. But there are tons of good things about it as well. You just gotta look towards those as well.|,2,0,0,1,0
253,7g4yaz,dqgryr0,The prospect of spending New Years alone again scares me.. 5 out of the last 6 years I've spent New Year's eve alone at home in bed watching everyone else enjoy themselves on social media. I have no friends nor social life and it hurts :(. I don't want to be alone agin.,Last new years was my first one alone. I looked outside the window and saw people hugging eachother and laughing. My heart dropped through my asshole.,0,,0,2,2,2,0
254,718wyg,dn8zp42,Heroin feels like an option sometimes. I'm just done with normalcy,you ever done opiates before?,0,,2,0,0,0,1
255,3zfhlm,cyln9bx,"Okay, I'm going to do it. Today, I'm gonna ask for help.. Sorry in advance, Elliot. Everyone else, wish me luck :)","That's great OP, the first step in overcoming the depression and the shitty feelings is being ready to ask for help. Talking can be very helpful and sometimes it feels good to let your feelings out. How are you doing today?",1,That's great OP|,1,0,1,1,1
256,4td27d,d5hu761,"What music do you listen to when you are feeling down?. For me, I listen to a band called Counterparts and Hotel Books.","New Order, Elliott Smith, Joy Division",0,,0,0,0,0,0
257,59rpxl,d9bd1cd,"I'm depressed because my life just sucks. I can't fully explain it the deeper feelings of this. It feels so angering and simultaneously numbing that I have such a shitty life, but no one cares and no one gets it. True empathy is a rare trait.","I think everyone's life is shitty, we're just the ones who are aware of and can't stop obsessing over it.",0,,0,0,0,0,0
258,7iu1d7,dr2ee5z,2017 has been my worst year. Without a better future in sight either :)),Each year just keeps getting worse haha please end me,0,,0,2,0,0,0
259,9zi48r,ea9isu6,"Feeling guilty about living. I feel guilty whenever my parents fight each other, like it's my fault for being born; I feel as if I've given them nothing but trouble from the beginning. I don't ask for almost anything at all either, because then I'd feel like even more of a burden.",Is your family having money trouble?,0,,2,0,0,0,1
260,7wuvq8,du3bra8,I am really sorry that I’m such a shut-in. I just know how to stop.,I don't know how to stop either. My negative thoughts are with me all the time.,0,,0,2,1,0,0
261,a100hx,ealyetr,Yeet yeet. I'm gonna hang myself with the charger,I will make it possible,0,,0,0,0,0,0
262,975psd,e45ug5y,I dont deserve you.. I really don't deserve you in my life. My girlfriend deserves better. She has dealt with all my problems for the months we've been together and still deals with it. I really don't deserve that. :/,"This actually sounds like me yesterday but with my boyfriend. Ended up talking to him and seeing how much he loves me despite all this really made me feel loved. Just like how my bf is, I believe your gf loves you for who you are. sell yourself short! The fact that you are trudging throng life despite fighting depression shows how strong of a person you are mentally~",1,The fact that you are trudging throng life despite fighting depression shows how strong of a person you are mentally~|,0,2,2,2,0
263,5g5zqe,daqtk4x,"Fake it till you make it. I feel like if you do this for too long, you'll forget what real feelings are like.","Yeah that's the idea behind it, you basically just condition yourself like a dog. Fuck that",0,,0,0,0,0,0
264,7xxygp,duc1axi,Always alone. No friends. Nobody on my phone I can call. I want to cry. I wish I was like evrybody else. Anything but me.,What kind of things interest you?,0,,2,0,0,0,1
265,9nhfg6,e7mfbpp,I just found out that my friends are having a house party on Saturday and I'm not invited. I feel both stabbed in the back and in the heart at the same time. Feeling like absolute fucking garbage right now. Have I mentioned I don't have any other friends?,That's mean of them. Have you asked why you were not invited?,0,,2,0,0,0,1
266,55njts,d8c3e1d,"Ex came back.... I want to go back, I want to feel cared about, but I don't want to be hurt again","My word of advice is just, be careful. If you genuinely feel like you can make it work again, then go for it, but if there's that doubt or feeling that you're going to get hurt again, it might be best to step away. Sometimes you can get back with an ex and it all goes well, but when it doesn't they can get in your head lay their eggs and just dominate every moment of thought. Look at your options and determine what the best result will be for yourself",0,,0,0,1,1,0
267,92534g,e3430vg,"Staring at a sharp object at work, scared of my thoughts. I'm staring at a sharp bladed object at my work and since I;m left alone for it I'm considering doing something stupid, I'm really scared, help",What makes you feel this way?,0,,2,0,0,0,1
268,3zbq8e,cykvlsj,I'm to scared to commit suicide.. All I can feel is pain. Nothing matters to me anymore and life is a miserable struggle. I don't want to live anymore but I can't bring my self to commit suicide. I'm scared of missing out on a potentially better life. Please help,"I probably would have considered bringing harm to myself and others if not for writing. Do you write? I find it helpful to seal away any self-detrimental desires inside characters who are not me. If you purge all of your thoughts out of your head and onto the page, you might find some relief. Literature is one of the most important inventions for resolving issues and you may find purpose through writing for yourself. My life is not pleasant by any means so I created the life that I want in my writing. My life became better through writing. What ideas and notions could be lost if you left us so soon? What adventures could you go on in your own book? Think of all the memories that could be shared. You could even write about a role-model. Mine is Typhon, the Greek dragon under the mountain. I obsess over this mad titan to keep myself calm. He shows up in all of my work. My advice would be to pound that pain out into a character, a mighty simulacrum, an indestructible artifact to contain your every fear. I'm not sure if I'm phrasing this well enough to help, but this is the only way I know how to express myself.",0,,2,2,2,0,0
269,675g4v,dgntpwp,Are there any methods to coping with depression and suicidal thoughts that actually works?. Emotional support does nothing for me yet I see it everywhere. I think many of us need some real help,"Depression isn't something you can get rid of by wishing it away or telling someone you have it. A lot like an addiction you have to fight to get out of it. And it's hard to tell what path is right or wrong. Talking to people does help. But you need to find someone you can talk to. I couldn't talk to my mom for the life of me, my sister would tell my mom or tell me I was wrong, my dad just gave me a look and didn't know what to say besides he cares about me. Once my mom knew the extent of my depression she became better at helping me. She listened and didn't judge. She let me talk and told didn't lecture but reassured my decisions. She went out of her way to make me feel more confident. That's the person you need to find. Also try writing your feeling down whatever you feel on a peace of paper what ever is on your mind. Write it in chicken scratch don't worry about how ty write just write what you feel. Then throw the paper away. That used to help me, not as much as my mom did but I did help. Life isn't something we can live alone although a lot of us want to, I wish I could, find someone to confide in that supports you.",0,,0,2,2,1,0
270,593joa,d95dbna,It's a pattern!. How do I break it?,"I suppose it depends on how deep the pattern is, something that help some people is to use a calendar and write down things to do during which hours everyday in advance and try to force yourself to not break the schedule. Doesn't work for me but i know that it works for some people. The most important part i'd say is to find a goal to strive towards.",0,,0,2,1,0,0
271,7cz467,dpudyu2,"Friendless, jobless, skillless, useless... Anyone in the same boat?","You are not useless. I used to think the same, but I have always been good at writing and research. I decided to start freelancing my services, and I do quite well for myself. It's no replacement to a full time job just yet, but I really enjoy the freedom and receiving positive client feedback. Everyone has something to offer, just have to make a start..",1,You are not useless|,0,2,2,1,0
272,a3x9u2,eba7jit,Holy hell why cant I sleep?!. I just started taking Zoloft a few days ago and since then I can not fucking fall asleep. I'm not an idiot I know it's a side effect but shit this is annoying. I have school in the morning,"been taking Zoloft for a few days and it made me more sleepy then ever. Today I only took half a dose (25mg instead of 50) and I feel less drowsy, but worse.",0,,0,2,1,0,0
273,64zvft,dg6h3f5,"How much pain can one person handle?. Mental pain, I mean. I'm in so much pain everyday and I just can't kill myself. I've tried and I can't do it. There's no escape. Am I just going to break down and go crazy because my mind can't deal with the pain anymore?","That is an interesting thought, i have pondered upon as well. Much bad shit has been and continues to be yet my mind has not broken. I always expected that at somepoint my mind will break and ill end up like say the Joker or then just a grazy person with no understanding of his surroundings. Would be nice even.",0,,0,2,0,0,0
274,ag4bih,ee3jy0h,"Trigger word that cause emotional breakdown?. I sometimes breakdown when someone questions me about the family or people close to me, which I don't have. I'm reminded of how much I longed for someone to understand me and also the loneliness and depression I hide everyday behind a cheerful personality.",Hostage. Refer to the people who ghosted me as hostages or say they were justified. Accuse me of not trying or blame me for my circumstance.,0,,0,2,0,0,0
275,8iyti5,dywrizh,"What do you do to feel alive?. I vary from cutting myself, drinking and doing drugs to exercise, strict diet and hard work.","Chemically using calcium hydroxide. easy to go overboard, though. I have on several instances burned so deeply it destroyed nerve cut too, but generally stick with burns.",0,,0,2,0,0,0
276,7agt1x,dpa4oup,I hate when people tell me to meditate. My depression won't go away if I meditate. It won't get better with fucking breathing. Mindfulness doesn't cure this.,"Meditation helps to rewire the brain... it's how I've stayed med free with bipolar. Your brain starts to go for relaxation and calm instead of a default down feeling or thought. But you have to keep doing it over and over, even when it feels like it's not working. It's not for everyone though! Mindfulness is a way of moving through life slowly for Me, finding little bits of joy in the smallest things like making and drinking a drink. This is what got me out of bed in my darkest days...",0,,0,2,2,1,0
277,81vr53,dv66dt8,"Anyone else in college with zero friends. Please no bullshit about putting myself out there and all that nonsense. I do. I try. It's just hard when u are depressed, work 40 and then just have nothing to say idk","Not in college, maybe never will be, but at this point I'm not even bothered about being alone, in fact I relish it.",0,,0,2,0,0,0
278,a8oexk,ecces10,"Natural products to improve mood. Hi, Any sugestions on natural products to improve mood? I just need to be more happy and positive. Thanks",like what . eat bananas i heard it can make the person little happy,0,,0,0,0,0,0
279,9dyzxh,e5ky0gw,Why am I still here?. Why haven't I killed myself yet? Why am I torturing myself with school and late homework? WHY AM I NOT BRAVE ENOUGH TO KILL MYSELF!? I'm a goddamn failure. I can't even do this final act.,"No one's brave for killing themselves. It's the *fear* of living that drives them to end their lives. But something inside you wants to live. If that wasn't true, you'd be dead by now. I'm glad you're still here, and I hope one day you can be too :)",1,"But something inside you wants to live. If that wasn't true, you'd be dead by now. I'm glad you're still here, and I hope one day you can be too :)|",0,0,2,2,1
280,76qvw3,dog300t,"Depressed for no reason.. Title says it all. Do you guys have any advice? I can't really do homework or sport in this state and I'm bored all day long, despite having lots of stuff to do that I previously enjoyed. Thanks.",You do not need a reason to be depressed and there is no reason to feel guilty for being depressed for no reason.,0,,0,0,1,1,0
281,63brec,dfsvcq1,Suicide is the final sacrifice of freedom to despair.. Just have to keep telling myself that.,That's a very poetic reminder. I will be scripting it in my journal. Strength and peace as you hold on.,1,Strength and peace as you hold on.|,0,1,1,1,0
282,at9kov,eh2kx2v,I fucking hate myself.. I constantly repeat to myself that a worthless piece of shit and no one gives a shit about me. Why the fuck am I like this?? Why I just be fucking happy? Fuck me.,"A voice in my head whispers your nothing, failure, everyone hates you. But in the quiet it's like they're screaming in my ears. It makes doing anything so hard. I just wanna sit and cry but I can't even do that right",0,,0,2,2,2,0
283,6hqql2,dj0uthj,I wish I was a dog. Or a plant. Or nonexistent. Or something. My point is: I hate being a person ~~*(inner voice that I'm trying to ignore: that's because humans have responsibilities that you're afraid of)*~~,Same here. Either a cat or an oak tree. Or a tartagrade in space.,0,,0,2,0,0,0
284,7rpdm2,dsymyiv,"I hate sleepless nights. I just think about shitty things in my life until I find a way to stop being sober so I can sleep. I just got desperate enough to drink marsala and nearly threw up from stomach pain. Oh well, hopefully I can sleep now.","I'm sorry you're feeling unwell. I can't sleep either. I've been having a couple nights of unrest. I hope you're having better luck than I am. Also, stay strong. I know it's hard and it's a long journey but the fact that you want to stop is a start. Sleep well.",2,I'm sorry you're feeling unwell.|,0,2,1,1,0
285,abt5c0,ed2qah3,"For some reason, officially giving up and not caring anymore has made me feel sort of happy.. I genuinely feel like smiling. Imagine that.","Taking the pressure off, in and of itself, can be a big deal.",0,,0,0,1,1,1
286,abl9su,ed1vmtj,Question. Does anyone else struggle to make sure their depression is justified? Sometimes I think alright to feel this way and working through it and others I feel like Im making the issues up in my head.,Same honestly. Half the time I feel like overreacting and because of that I feel like a little bitch which brings me down more.,0,,0,2,1,1,0
287,aa0xrp,ecp4dkv,My new years resolution. My new years resolution for 2019 is to just make it through the year without killing myself tbh.,Not a bad resolution though but add one more thing to it so not just about that one thing.,0,,0,0,0,0,0
288,6rds9v,dl4b895,"Emotionless or emotional. Which do you prefer? I think my meds are working too well because I haven't felt anything in a while, but what's worse? Feeling too much or not feeling anything.",What do you think? What are three major pros and cons of each for you?,0,,2,0,0,0,1
289,649npl,dg0hbzv,"I feel so guilty when I'm feeling fine, it seems that I'm constantly looking to harm myself. It's like an addiction, I don't deserve to feel good.","I had this exact thought the other day. Like I know that it's stupid, but I keep acting like this. The moment I find myself being remotely positive or happy I steer away from that feeling.",0,,0,2,2,1,0
290,9j82d7,e6pqx00,"Think I might kill myself tonight. Been having this feeling tonight should be the night. I'm not in the broken down mood I was in earlier on my way to work, but hopefully I get there later.","Dont do it man. I consider it every day, but you need to keep pulling forward. even if the world throws everything at you, you need to keep pulling strong. Even of you dont believe it, things will get better.",1,"Dont do it man.|you need to keep pulling strong. Even of you dont believe it, things will get better.|",0,2,1,1,0
291,4pdozg,d4kbk3e,Best way to end your life?. What's the best and least painful way to end your life? I'm thinking about finally doing it and getting relief.,You won't find the answer you're looking for here. Use google.,0,,0,0,0,0,0
292,7zbhav,dun9llx,"I just want to die. Nothing else, just wanna fucking kill myself lol",im here if you want to talk op. ps-noice username lol,1,im here if you want to talk op. ps-noice username lol|,0,0,0,0,0
293,8zcsa4,e2ijb1w,How are you supposed to fake confidence?. Is anyone here been successful with doing this?,"Think of someone that you look up to (Actor, musician, famous person) and act like them.",0,,0,0,0,0,0
294,6m5zlq,djz8lqe,"Attempt. Been really depressed lately, tried to od earlier, but all it did was get me high. When i was high i didn't even feel good i just felt numb and just as shit as i did before. My life isn't getting any better.","Please be safe and seek help. I have been really depressed and lonely before where I tried what you tried. I took over 20+ pills trying to OD to end up at the doctors with them believing it was a virus. I also tried cutting but I was too scared of the pain. I lived through the loneliness and pain only to be depressed again, but I came to a realization- I deserve better and I am worth it. It's definitely hard and a battle everyday, but with professional help, I am getting better day by day. You deserve better and you are worth it. Please stay strong and I do hope you talk to someone to get the help you need.",1,You deserve better and you are worth it|Please stay strong and I do hope you talk to someone to get the help you need|,0,2,2,2,0
295,8rzetl,e0vihfa,"I Have Friends, But They Always Care More About Others. like that one guy everybody calls when available. It sucks and feels bad, cause when I call one of them they give a shit.","I can relate. Been a third wheel in many friendships, always feels like I'm someone people hang around instead of hang with. I even had a friend invite me over and told me he called everyone else first, but nobody was free, so guess it was time to call me. I know he didn't mean it that way, but what a shitty thing to say. Everyone else more important than you was busy, so you (bottom of the list) will have to do. It hurts and depression makes it hurt x100. Gotta find a way to prove to yourself that you are worth spending time with. I'm struggling with this pretty badly too so I wish you the best.",1,I'm struggling with this pretty badly too so I wish you the best.|,0,2,2,2,1
296,4gcsti,d2gen3b,"Lonely. I don't feel too good. feel non-existent, unimportant and disposable. It's like nobody cares enough to really see what's going on. Everybody expects me to be fine. I don't even know if it's depression speaking or I'm just really, really lonely right now.",i can relate. where are you from?,1,i can relate|,2,0,0,0,0
297,8bk15n,dx7auha,Do you get depressed when you see your ex?. Especially when they are with their hotter SO?,"I try to avoid everything with my ex, especially social media, we don't follow each other, but hers is public, and it's tempting to look but I know it destroys me inside so I cut off all social media for a couple months now. I hope I don't see her on the streets or something, I work right next to house. If I do see her my heart would drop and probably be depressed too.",0,,0,2,2,2,1
298,4gdwsz,d2gntfh,Help! My parents are moving apart.. I'm 17 yo. My parents have decided to move apart from Wednesday. I'm kind of destroyed by their move. There's a long story behind it. I have no time to type. I need them together. Please mom and dad. If you are reading this stay with me together.,"It's their relationship, not yours. How would you feel if they asked you to stay with someone because they liked that person?  I'm sure it's tough enough for them dealing with this. Give them your love and support instead.",0,,2,0,0,0,0
299,5qzset,dd50pz1,Ffffffuuuuuuuuuuuuuuuuuuuuuuuuuuuuuuuuuuuuuuuuuuuuuccccccccccccccccccccccccccccccccccccckkkk. So tired. Let's scream together guys,"FFUUUUUUUUCCCCKKKKKKKKKKKK... I've always wanted to just scream somewhere, let it all out, but I'm unable to even do that, I'm too hopeless. This pain inside my head, this loneliness and disconnect from the world.",0,,0,2,2,2,1
300,8tdkjc,e16nlbj,I can’t take this anymore. Life is just pain. I give up.,got you feeling like this? Can you describe?,0,,1,0,0,0,2
301,8hlp7f,dyle5wf,"I love burning myself. drunk and starting to bad again, I usually smoke but I like putting them out on skin",sorry you feel this way. I do too. It provides a release.,2,sorry you feel this way.|,0,2,1,1,0
302,53pajy,d7v2ryn,Should I make everyone hate me before I die?. Maybe I don't even need to,"No, I basically did this and dug myself into a much deeper hole to climb out of.",0,,0,2,1,0,0
303,4lz36y,d3riy4i,"What are your strategies for staying functional enough to complete schoolwork, etc?. Due to feeling like garbage, losing memory/attention, and anxiety, I have trouble doing work for school. Actually, I'm probably just a lazy piece of trash, but the problem still stands. For those who are on top of things: how do you manage it all?","Lots of cannabis, which I can't even use much anymore since I lost my job",0,,0,2,0,0,0
304,4d6gqi,d1oj0nw,Can I Vent To Someone??. I Really Need To Talk To Someone...,Feel free to PM me if you like. I'm afraid I don't have the answers but we have nothing to lose by exchanging couple of messages right?,1,Feel free to PM me if you like. I'm afraid I don't have the answers but we have nothing to lose by exchanging couple of messages right?|,0,0,0,0,0
305,9z9wim,ea7i13l,Love/hate. Does anyone else have a love hate thing with people?,"I do. I love a man; I hate. I hate him for letting me fall madly in love with him. I hate him ..For telling me he fell madly in love with me. I hate him for lying to me constantly, for leading me on, for introducing me to his family.. &amp; friends . I hate him for plunging into me and my life , only to abandon me and the children he led in to believe be there for. I hate him for making me collateral damage, &amp; not recognizing the fact that ruined 3 lives. I hate him for lifting me up and sucking all the beauty, happiness and bright life from my soul. I hate him for making a million promises, and not keeping one of them. I hate a man that took my undying, unwavering, unconditional, priceless love .. I hate a man that failed to return to me the faithfulness, respect and admiration I so boundlessly and freely gave to him. I hate this man that reached into my soul and crushed it with his bare hands into an oblivion.. I hate him for staring into my eyes and telling me he loves me, only to leave me for a lie.. i hate him for constantly and consistently telling me we will be together after the next month. I hate him for turning me into a complete and utterly worthless piece of carnage..a wreck, a mess, a heartbroken little girl. I hate him because I stop loving him. I hate a man; I love.",0,,0,2,2,2,2
306,5dheay,da4m07v,"I got out of bed and made myself breakfast today.. I made French toast and had some coffee. It isn't much, but at least I did something today","That's great to hear, bud. Just take it day by day, you're doing great.",1,"That's great to hear, bud. Just take it day by day, you're doing great.|",0,0,1,1,0
307,584skq,d8xw629,The fact that I'm stuck being ME until the day I die is disheartening. I wish I was someone else.,"I wouldn't want to give my depression to anyone else, it's too much to deal with myself and giving it to someone else would make me feel even lower.",0,,0,0,1,1,0
308,9lqtt3,e78qgn0,Help me. Anyone have any advice for people feeling suicidal?,"Keep the idea of suicide as the last resort in your mind. This is actually quite comforting for me, as I know always an option. Once that is accepted, focus on taking it one step at a time, trying to appreciate each small thing in life. One day, hour, and moment at a time. Stay busy, see friends, remain clean and tidy, and be as kind as you can to yourself.",0,,0,2,1,1,0
309,5ilqcc,db96i5e,Sometimes i think that i can fly. And other days i can't get out of bed. There's any way to feel better more times? Everything looks so futile...,I know that when everything seems futile to me it's time to make some serious changes in my life. make changes and don't settle with an unfulfilling life. You only feel like you can fly because you know all too well what's it's like to be depressed and stuck in bed. without the lows we could never know the highs,0,,0,2,2,1,0
310,8r6onw,e0oz7y1,"Lost my job, have no reason to live. My career is over, my personal relationships are barely existent, and the friends I do have live far away.  I have absolutely no reason to live, no job prospects, no way to afford treatment. I will be killing myself soon unless a miracle happens.",Why can't you get a job as a lawyer?,0,,2,0,0,0,0
311,7449mb,dnvkufv,"My PHQ 9 is down to a 13 from 25!!. I don't feel 100% better, but I have flashes of positivity! Suicidal thoughts are pretty much completely gone. 2 month ago is have wished I was dead in Vegas.",Woohoo I just got 100%,0,,0,2,0,0,0
312,3x9r2r,cy2r1qi,I love to live in a world. where homosexuality is a disease but mental disorders don't exist.,Homosexuality hasn't been considered a disease for awhile now O_o,0,,0,0,0,0,0
313,7d4kz1,dpuwts9,The odds of finding someone who loves me are ridiculously low.. Like 5.135 It's actually painfully funny.,What sorts of things do you do to get yourself out there? Do you have any fun hobbies or anything? :),0,,2,0,0,1,1
314,8dkp66,dxnzmdf,WHat the fuck is wrong with me?. WHy do I always do this to myself? Why do I let it keep happening? Ugh.,"Yeah, we're creatures of habit unfortunately. I also find myself falling into the same pits over and over again but yknow what? Sometimes life just clicks together and all the pieces fit into the big picture and you find that moment where you can change. It doesn't have to be overnight, but look for some baby steps that can put your forward. best of luck x",1,best of luck|,0,2,2,1,0
315,6ahwn1,dheqymu,"I get so hung up over the smallest things.. I've been trying to eat healthy lately, but then I ate two cookies, and I really wanted to fucking die for the rest of the day. I'm not even kidding.",Over dramatic much?? It's a fuxkin cookie eat that shit then get off ur ass and walk .. regret feelings solved,0,,0,0,0,0,0
316,9torvz,e8ya8cl,Anyone else feel like they don't deserve a partner?. Sometimes I think about the baggage I carry with me and feel sorry for whoever gets stuck with a guy like me.,"Definitely. I want my ex back more than anything, we broke up over a year ago, she's got a kid with someone else now and it hurts a lot, but it was my fault. I wasn't the nicest person to be around sometimes, I did a lot of good in the relationship, but a lot of bad too. I'm not proud of it, I'm ashamed of it, I regret it all, I hate myself over the things I've done. I think that's what makes the breakup worse, knowing that it was my fault, that I could have saved it if I had just stayed on my medication. I keep trying to convince myself she broke my heart, but I broke both mine and hers through my actions. Still doesn't make it any less painful and I wish I could just end it all right now.",0,,0,2,2,2,0
317,6yzwfw,dmrfu9c,"Hopefully I'll die in my sleep tonight. Won't happen, but a man can dream...",What's making you want to? I feel like this sometimes.,0,,2,2,1,1,2
318,7du91z,dq17r77,"Does anyone else turn the TV on when you're alone, just to hear someone else's voice?. I'm trying to hide from the lonliness.","Yep! I love watching vlogs on youtube because it feels like I have a friend with me, telling me about their day or week. I also just love background noise, and it honestly does help me feel less lonely. I think it's a pretty common thing, my dad isn't depressed either and he has to have a TV on when he is by himself or else he feels weird.",0,,0,2,2,1,0
319,9lefyj,e760qhc,"Suicidal thoughts. Hi guys I have major suicidal thoughts and I feel extremely confused right now, what can I do to make myself feel better and not so tired and empty please help Today was a very very shitty day",Talk about it to a therapist or ANYONE. talking about it helps tremendously. Call a suicide hotline if you have no one to talk to. You would be surprised how much just talking about your issues helps.,0,,0,0,0,1,0
320,5yjl7l,deqm1dj,I'm having reoccurring nightmares where someone is trying to murder me. I think it's actually me..,Might wanna see a doctor about that,0,,0,0,0,0,0
321,9fl9je,e5xaj5o,"I want to end my life. I even know why, I feel so much that I feel anymore",sick of life as well. I want to go to school tomorrow. I just want to sleep for all eternity.,0,,0,2,0,0,0
322,5z24t7,deuvaol,Just be happy. Sure.. I'll get right on it..,"Lmao, I love it when my asshole father tells me this. Yeah, it really helps. **Like I didn't try THAT for the past 4 years.**",0,,0,2,0,0,0
323,93makg,e6se7v7,How do you guys keep going when it feels like you're 6 feet below rock bottom.. Edit: no thanks for the help guys,"Sorry this is over a month old but I do hope you are feeling better. The thing about bottom is, there is only one other place to go. Talking things out with someone often puts things into perspective but even the act of just getting things off your chest usually helps. Let me know if you want to chat, I will listen.",2,"Sorry this is over a month old but I do hope you are feeling better.|Let me know if you want to chat, I will listen.|",0,0,1,1,0
324,56bzia,d8iq03q,"Found this short poem while looking through depression comics that made me chuckle, thought I'd share. Razors pain you; Rivers are damp; Acids stain you; And drugs cause cramp. Guns aren't lawful; Nooses give; Gas smells awful; You might as well live. It's called 'Resume' by Dorothy Parker, in case you're interested.",I love this one. It's my favorite.,0,,0,2,0,0,0
325,akkic1,ef7gj3d,i wish i can just forget everything. so i find any reason to hate myself anymore,"Everyone wants to forget something. But most of the time, we can't. Memories make us human. Good memories, bad memories, they really shouldn't make a difference now. That's the past. Try and focus on the present and the future. Even if you create bad memories, try and overcome them with positive, lovely and beautiful ones. I've been through this, and still am going through it, but I find it calming to talk to someone I love and care about. Maybe that could help you too!",0,,0,2,2,1,0
326,478y56,d0b4oe2,Admitted to hospital for first time.. Almost killed myself last night. This isn't even the saddest I've been. But it's the most tired I have been. I'm just tired of dealing with it. It's obnoxious. I just want to sleep forever.,"Hospital stays can be helpful or horrible, depending on the staff and services provided. I hope things go OK for you while you're there. I've been where you've been. I don't know if it gets better, but you're not alone.",1,"I hope things go OK for you while you're there.|I don't know if it gets better, but you're not alone.|",0,2,2,1,0
327,7lll46,drn55ma,"Stupid. I wish I was stupid so I could make friends, and laugh with their stupidity!","What's stupid about them specifically, if I may ask?",0,,2,0,0,0,1
328,7rp4r6,dsylos2,"Does anyone care, or is it all just fake?. If you present a confident image, I see often that is only when people care. If you are struggling, or if you call them out on their b.s., then no one cares.",i feel like its mostly fake which sucks about people fuck them,0,,0,0,0,0,0
329,7n7vyb,drzr80g,I'm uncapable of making my life better. Whatever I try i fuck up and it's even worse,You need to remember that word is bond. One thing that I'm trying really hard to do is to be a best friend to myself. Would i tell my best friend she's incapable of making her own life better? No. I would tell her... yeah you've been having a really hard time and that's understandable but you're strong and you're loved and you're amazing and you have a big heart and mind. You can do this and I'm going to be here for you the whole time.,1,You need to remember that word is bond. One thing that I'm trying really hard to do is to be a best friend to myself. Would i tell my best friend she's incapable of making her own life better? No. I would tell her... yeah you've been having a really hard time and that's understandable but you're strong and you're loved and you're amazing and you have a big heart and mind. You can do this and I'm going to be here for you the whole time.|,0,0,2,2,0
330,arqwlv,egp8ld9,If I know I will be a virgin for the rest of my life and a cute girl will never love me what should I do?. I hope I get to leave this world very soon,"There's nothing wrong with being a virgin. I'm one, too, and I don't feel bad about myself for it. I'm proud of it, actually. Also, I don't understand sexuality probably because of my autism. Remember, it's not a competition. Once you lose it, you can't get it back. There are a lot of other types of love out there than just physical love. I don't understand why people around my age are upset about being a virgin to begin with. Don't feel so negative about yourself. There are people in this world who love you already such as your family. Take care of yourself.",0,,0,0,2,1,0
331,4kz2qw,d3j6efd,"I think one of my issues is that I don't want to interact with, or even acknowledge, my own body. Does that make sense?. I think it's part of a whole detachment thing where I try to feel like I don't exist or like my life isn't really happening.",Absolutely. I always dream from the POV of someone else (usually imaginary). Reading novels and trying to forget reality feels better too.,0,,0,0,1,0,0
332,9150pq,e2vq2vm,I am hurting my family by existing. I am just a burden to them that is always ruining everything.,"I often feel the same. But you know, your parents are human beings too. They will eventually hurt you one day by saying something or doing something wrong... it's normal. But it is your family and they love you and you love them. So you can forgive them and try to understand what happened and why it happened. Then, you can try to make it never happens again. If you're depressed it's not your fault. If you are sick it's not your fault either. They want to help you because you're their child. It's normal for them to help you and you don't have to pay them back for that. Don't be too hard on you. You seem like nice person ! Good luck",1,"I often feel the same. But you know, your parents are human beings too. They will eventually hurt you one day by saying something or doing something wrong... it's normal. But it is your family and they love you and you love them. So you can forgive them and try to understand what happened and why it happened.|They want to help you because you're their child. It's normal for them to help you and you don't have to pay them back for that. Don't be too hard on you. You seem like nice person ! Good luck|",0,0,1,1,0
333,6zcz2p,dmucug4,"I need to get out right now.. I can't take it. I need to not be in this life. I need to not live with my parents. How can I make this happen within 2 weeks? Winter is coming up and with my SAD, I will not last. I have $25,000 dollars saved up. Help me.","I had some major shit go on 2 years ago, mother with a brain tumor, my aunt was selling the place, needed to move, I couldn't function enough to clear her place out and find a place to live. I ended up packing up what I could fit in my car along with my dog and went camping for 3 months. I needed that.",0,,0,2,2,1,0
334,4vqpwe,d60qhsf,"It's been 3 years since we broke up. I've been relatively fine until today. It felt like something has triggered me. Why am I feeling an overwhelmingly strong attachment to her?. I tried moving on, I tried my best.",At least you have that going,0,,0,0,0,0,0
335,52yoy4,d8tup2g,Can't physically get out of bed. I've been in my bed for 12 hours 5 of which was being asleep. I can't get up without my body just falling back down. This happened last Thursday too.,Yeah I have trouble getting up too. I need my boyfriend to help me stand/walk.,0,,0,2,1,0,0
336,6xmj77,dmh2dut,Does abstaining from masturbation cures depression?. At least for some people?,"Well I will find out because I can't even stay hard anymore, so I'm giving up on it. Going from 7 times a week to 0.",0,,0,0,0,0,0
337,82fqrl,e2la1nw,My family makes my depression so much worse and I'll never be able to move out. I have tried and tried to treat this depression and nothing works. What else is there for me other than suicide?. Why can't someone just give me an honest answer.,"You say you'll never be able to move out . . . sure you will! would you be moving to a new city or some where farther away? obviously, to move out, you will need a good paying job and money for an apt (by your self or with roommates.) tell your family that you are moving out on X date, if you are over 18, they can't really do anything about it. tell the police that you are moving away and your family is triggering your depression. they might try to file a missing person report if they notice that you go missing out of no where. suicide, I don't think, is ever the answer.",1,You say you'll never be able to move out . . . sure you will!|,2,0,0,0,0
338,5ejbtr,dadk7wp,Need help supporting my girlfriend who is suffering.. My GF is currently going through the ringer.... having attempted suicide and now she's wasting away. What can I do to be there for her that will be helpful? She's been diagnosed Bipolar 2. It's getting to the point where I'm struggling to stay successful while balancing helping her.,It's hard bud. I agree with GwenSkin.,1,It's hard bud.|,0,0,0,0,0
339,4c0bay,d1dz2pq,Well she left me time to take a lot of pills and hopefully die. fuck everything i hate myself for being so fucking pathetic,its not about her as such its more so like the fact i tried again and failed. but you know i hate swallowing pills so i doubt ill be able to swallow enough to kill me. I am up to about 11 so far,0,,0,0,0,0,0
340,786z5i,dornuhv,"I tried to, but I didn't die.. Sorry if I worried you all. I was held in the hospital for 1 week until they were sure I would no do it again. I had to fake that I was fine, but I am more resolute than ever. I don't want to be alive anymore.","Oh thank god, you are safe tammy! I was really worried about you. Plz dont do this again",1,"Oh thank god, you are safe tammy! I was really worried about you. Plz dont do this again|",0,0,1,2,0
341,9ey3bw,e5sbxao,Too tired to be depressed?. Anyone else just so tired and bored of being deeply sad that just a chore and rather just lay there and feel nothing but some bursts of sadness and then just complete blankness?,"Yep, for me, I go from crying my eyes out and feeling sad as hell to suddenly a 'wtf, I'm too tired to care' numb state.",0,,0,2,2,1,1
342,77q0he,donv94c,"Anyone else feel like boredom is one of the worst feeling ever?. And I don't mean that there aren't any things to do, just none I would actually enjoy",Same. I just end up delaying it for hours while watching dumb shit on youtube until its too late.,0,,0,2,1,0,0
343,5ujdpq,ddustnt,"When you've been suicidal for a long time, you start to understand that it's not that easy... I fucking want to kill myself but everytime I think about how I failed the previous time and how this method will be pointless. I miss the old me that would've tried to jump in front of a train. Kind of a funny thought relate ?",I find myself theorizing about suicide pretty often (never actually tried ) and I always wonder what would be the best way : I live in Italy so I can't get access to a gun hanging or cutting my wrist sound super painful and u read about the guys that have to clean after people trow themselves in front of trains and I don't want to be a dick,0,,0,2,0,0,0
344,a8m0r1,eccpia5,"I hate myself for not going to college, but at the same time I think I’m scared of college because it seems like a cesspool of depression and anxiety.. Anyone else feel like this?","I mean to change any decision you might be considering, but as someone who has just finished their first semester, I just wanted to let you know that I really struggled. It was so taxing on my anxiety that I literally had nothing left to give a little over halfway through. The sad thing is that the work hard at all. if I got burned out my first semester, not having high hopes for when things really ramp up.",0,,0,2,2,1,0
345,7lo282,drnotaq,Is anybody out there. I just feel really shitty and broken right now,"People are generally selfish and inconsiderate. Different people have different ideas of what friendship is, or should be. You are not crazy, they just don't understand your emotional needs.",1,"You are not crazy, they just don't understand your emotional needs.|",0,0,0,0,0
346,4bgrbg,d18ze2g,"Should I tell my gf?. Recently got together with someone and thinking about telling her about my depression, not sure if it's a smart move that early into a relationship though. Anyone got advice?","I'm thinking it all depends on you and you're expectations towards the relationship. If you see this going somewhere and lasting she will no doubt eventually figure it out, night aswell be from you. Then again it's also about weather or not you feel comfortable with her knusing it at this stage. There is no time limit and I personally think it all boils down to your expectations and wishes.",0,,0,0,1,0,0
347,3yiuby,cye51hn,"I no longer feel, I just think.. Does anyone else feel this way?","Just numb. It sucks having younger siblings, they want attention from me and shit but it's just so hard to even talk to them really because I see the world so shitty I can't even fake a happy normal conversation with them.",0,,0,2,1,1,0
348,6yx6ih,dmqucaj,really horrible day.. had a nightmare where i was sick and dying. cant shake it off :( panicing,Hey do you like purple velvet cake??,0,,2,0,0,0,0
349,6q3eik,dku8gjf,How do I deal with parents who don't really understand it?. My dad thinks its just something that sets me off when I decide to cut so he asks what sets me off constantly and when I say i dont know he says Well there HAS to be something thats triggering it. He also tells me I need to get out more and just generic stuff.,What would you want your parents to change about what they do?,0,,2,0,0,0,1
350,9clfjw,e8799hm,The 20's. Are the 20's supposed to suck this bad. I want to fast forward to when my life gets better. Kind of like a click remote.,Will pray for you my friend. Pray lift these things and issues up to God. Pray without ceasing. Put your faith and trust in the Lord that he would help you overcome these issues and struggles. I wish you the very best. God bless you my friend.,0,,0,0,0,1,0
351,4ynw6b,d6p619p,Shame. Anyone just feel deeply ashamed to be you? I'm really ashamed of what I am I hate everything about myself and just feel like a freakshow for everyone and everything to laugh at.,"Yep. Shame, guilt and regret are my primary emotions.",0,,0,2,0,1,0
352,94dslt,e3kcgo4,We were supposed to be getting married tomorrow... 2 weeks ago we broke up leaving me as a single mum.... Yea it is what it is. struggling hard since last night. coming up to visit his kids tomorrow... first time seen them in a month. Why do I feel like I need to hate him but I,"This sounds so hard to deal with. You will get there and you child/children will give you strength. Mine has, I live for her. Sending love",1,This sounds so hard to deal with. You will get there and you child/children will give you strength|,0,2,2,2,0
353,9o4gol,e7rlsro,"I |21M| have trouble realizing how time flies so quickly. I’m almost 22 and realizing how time flies and struggling in adult life. It seems my life has been uneventful and my teen years were just school and home and had very few friends. I hate when time flies. What should I do?. I struggled with Depression, Anxiety and OCD/ Intrusive thoughts.","This is so me, I have social anxiety ocd and anxiety and depression too. 20 and feel the exact same way.",0,,0,2,2,1,0
354,6cayf3,dhtbkjv,"I feel sick, sad and alone.. my lungs aren't doing well today. my husband works 9am to 9pm so i am alone today. i want to disappear into my story and hide there. i want to be in that other world where i am happy. i feel like a bother to people.","I may just be a random stranger in the internet but you are definitely not a bother. And, how are your lungs?",1,I may just be a random stranger in the internet but you are definitely not a bother|,2,0,1,1,1
355,6l0gbg,djqzuyh,Without music i wouldve killed myself. Listing to music help get away from life. Just being fully submerged in the music and listening to lyrics. Truely without it I don't know where my life would be.,I can totally relate to this. Do you mind sharing your playlist?,1,I can totally relate to this.|,2,0,1,0,1
356,9mkfli,e7fah8o,"How to become depressed again?. Hi. I was depressed all the time for years and today i woke up and didn't feel depressed. I want to be depressed, how can I become depressed again?",Why would you want to be depressed?,0,,2,0,0,0,1
357,as1geg,egr48zv,"Advice for when random depression hits at work. Yeah, basically the title. Does anyone have advice for dealing with anxiety and depression that hits randomly through the work day? It's been happening to me a lot now and I have a hard time pulling myself out of it.","I make a handwritten to-do list and then see what thing on the list strikes me as the least difficult to do. And then I do it, and don't think about anything but that task until it's done. Sometimes having a concrete list helps the anxiety/depression pass, and sometimes it just makes my day less overwhelming, so I'm at least able to get through the easiest and/or most important tasks.",0,,0,1,1,1,0
358,7pfhze,dsh9gto,"I just had a dream where the girl of the dreams came up to me and I asked her out. She said yes and she told me she loved me. We got married later. Then I woke up.. Words can't describe the frustration and pain in my chest right now. Edit: It sucks right now because she's abroad right now, she comes back next month. I'm not gonna hold in my feelings anymore, I'm gonna ask her when she comes back.","And this is why I am sleeping like 12 hours a day now. In my dreams, everything is great. Then I wake up and it is like F*ck me, not",0,,0,2,1,0,0
359,7b8mqf,dpg2hyn,"I actually felt happy. This may seem dumb but I actually felt happy today. I got high from weed, and it makes me happy. I'm always told that its bad but it made me happy for once","Yess I feel you, and I guess being depressed is bad for you as well so you're just trading one bad thing for another, except this one makes you happy. So yeah basically why I do it",1,Yess I feel you|,0,2,1,1,0
360,8jrn4f,dz20gz8,"Sometimes I wonder if I really even have depression. I was diagnosed 2 or 3 years ago by my family doctor, who prescribed SSRIs \(which I never took\). My moods range from suicidal and self harming to just feeling out of sorts and not at peace with myself. Sometimes I go months without feeling like that, sometimes it seems to come about every few weeks and lasts for weeks at a time. I don't know, I sometimes compare myself to my boyfriend who has a team of psychologists and psychiatrists working to diagnose him, whereas I just went to my family doctor, filled in a questionnaire, and boom got labelled with depression. I wonder if I'm faking it or blowing my feelings out of proportion, especially comparing it to more serious cases of mental illness. Does anyone else ever feel this way? How do you deal with it?","Just because you don't or can't have access to that level of mental health care does not mean your own mental illness is any less valid. I have always had a team, a prescribing doctor, therapist, and GP. Sometimes specifically a team that works together, sometimes just doctor's that kind of share notes but don't ever meet up. I am very lucky. Very few people get this level of treatment. Any number of genuine suicidal thoughts is too many. Everyone gets depressed, but when you stay there long enough to consider life actually painful to live you have depression. It can be really hard not to play mental illness Olympics. But someone else struggling more does not take away from your own struggle. Your feelings, your illness, are real. They're valid. They have NOTHING to do with anyone else's struggles. Just as theirs has nothing to do with you. Please please please remember that.",0,,0,2,2,2,1
361,5enk9x,dadtcyh,"Have you ever been paranoid of the thought that your girlfriend/wife is cheating on you?. Sorry for any typos, my english is kinda crappy","Yes, worrying about this is normal EVERYONE does it, but you must not let it take over your life. Speaking to your girlfriend/wife is the most important thing, making sure they are happy and making sure you are happy is what is important.",0,,0,0,1,1,0
362,87jlkn,dwdei75,How to prevent depression ruining an event?. So I'm meeting my girlfriend for the first time and doing some shopping and stuff in Vegas in about a week. I'm afraid my depression is going to ruin it and make me not motivated to do anything- any possible ways to prevent that?,Just focus on her. Let her be the center of your thought and try not to overthink.,0,,0,0,0,0,0
363,5ziak3,deyb83s,Hit 20 today and at my all time low. Hopefully I don't go any lower,Once you are at the bottom you can only go up. Hope things get better for you :),1,Hope things get better for you|,0,0,1,1,0
364,a5eg99,eblzapb,"Has anyone else with depression switched to online school?. A couple weeks back I decided that what's best for me is to pull out of school and continue online, I'm still having mixed thoughts about it but I'd like to know if anyone else has done this and whether it's helped or not","I was diagnosed with severe depression and anxiety during my final year of university. I paused my studies initially to recover but am due to return in January. Now, I've actually decided to throw out that plan and transfer my remaining credits to an online university instead. I'm in contact but I haven't heard back so fingers crossed.",0,,0,2,2,1,1
365,7is7g1,dr111ee,"Does anyone feels like depression is a gift and teacher. Although depression is annoying and troublesome,but meanwhile it taught me lots of things",taught me one main lesson: Life fucking sucks.,0,,0,1,0,0,0
366,516sm8,d79p806,"I've had Existential Depression all summer. Why does anything matter? Time is infinite and death is eternal. The consequences of my life do not have far reaching effects, and I will inevitably be forgotten, so what's the point?","There is as much of a point as there is someone who invented that point.  To compare a finite life to an infinite time will always seem meaningless to that life. What can be more productive is to think in terms of the finite and not the infinite. I can create meaning with my life: I can set up goals and pursue them. This is subjective, dynamic meaning that is ever-changing, but it is my meaning, and it is meaning in life. To compare these accomplishments to something infinite will always make them seem meaningless, but that's only because you changed the frame of reference.",0,,0,0,0,0,0
367,6bxrwl,dhqcclr,Cooking/Nutrition for Depression. I'm having trouble keeping up with basic cooking. What are the easiest/healthiest meals I can have to keep my nutrition up? I've been eating so many plain turkey sandwiches.,"Can you just get one of those packages of pre-washed spinach and add those to your sandwiches as a start? Take what you have working for you and try to cram as many nutrients in as possible. Spinach is a good choice because it's pretty nutrient dense as opposed to lettuce, and it's easy to add to stuff. You can even grab a can on minestrone (or any other type) soup, heat it up and dump a bunch of spinach into it to boost the vegetable content. My go to recently has been a spinach salad with goat cheese and balsamic vinaigrette dressing. Maybe some day I'll get fancy and add onions or peppers or whatever to make it a real salad, but at this point, it's better than the grilled cheese by itself or whatever else I'm eating. Baby steps, man. Baby steps.",0,,2,0,1,1,1
368,a3wjvn,eb9xu69,"They were right.... The kids I used to work with always asked me if I was married or had a significant other. I told them no and they then assumed that I was lonely. I didn't think they were right, but now I know. I'm lonely. I have no one. I live in a city halfway across the country from my family. I have no friends. Just started a new job so I don't even have work friends. And my birthday is in three days.... The kids were right about me being lonely and they were right about me being an awful person. I suck. I'm a loser. I'm going to be alone for the rest of my life...","You are not a loser- I promise. Give yourself some credit for starting a new job, and give yourself time to make new friends there. I bet money you'll find people who enjoy you, and you'll end up having work friends. You're not going to be alone for the rest of your life, I promise you'll find people who share lots of common interests with you. Also- I wanna wish a very happy early birthday to you, and I hope your day is awesome!",1,"You are not a loser- I promise. Give yourself some credit for starting a new job, and give yourself time to make new friends there.|I bet money you'll find people who enjoy you, and you'll end up having work friends. You're not going to be alone for the rest of your life, I promise you'll find people who share lots of common interests with you. Also- I wanna wish a very happy early birthday to you, and I hope your day is awesome!|",0,0,1,2,1
369,7fu3sn,dqedmb8,I want to tear my skin off and become a new person. I feel like I'm constricted,"If it was possible, we would live again but we are stuck in this.",0,,0,0,0,0,0
370,6mluo8,dk2w4ug,"It's my birthday today, but I dread it every year. I feel like my friends are slowly forgetting about me or not caring anymore..","Happy birthday dude, it's actually my birthday as well today!",0,,0,0,0,0,0
371,5ec72n,dabdv2e,"Not eating.. I'm so depressed now that I am at the point of not eating. I haven't had anything to eat in two full days. I'm hungry, but I'm just too depressed to not just wanna put the motivation or effort into eating. I just want to lay here...","Ugh, tell me about it. Although i've been eating, just a lot less than normal,i still just want to lay here and just forget about everything, but laying down leaves me alone with my thoughts always thinking about what was. I've been trying to keep active to keep my mind on other things. You should give it a shot. Go out to a restaurant or something, just get out.",1,"You should give it a shot. Go out to a restaurant or something, just get out.|",0,2,1,1,0
372,a2bynd,eawx6f6,Sad and drunk. That's me right now. I've been trying everything to get better but I can't. But I also don't freel like I have the strength to kill myself. It's so hard being in between like this,I feel that it's hard to exist. It hurts. But I'm scared to kill my self. What if things get better? If I killed myself I wouldn't be there to enjoy the things in life that I wish for. what the fuck do I do?,1,I feel that it's hard to exist. It hurts.|,1,2,1,1,1
373,9gyd3j,e688eid,"“How are you?” “I’m F.I.N.E.”. Fucked up, insecure, neurotic, and emotional.",How dare you steal my prized possession?!,0,,0,2,0,0,0
374,78g02b,doukx6v,i have barely been to class in 2 weeks. i feel like a fucking failure. i have classes today and i just get the motivation. i want to fail out of school. i want to have to work full time instead. i just want to do anything. i hate myself so much,I'm going through the same thing right now I can't convince my self to get ready and fix my life it sucks.,0,,0,2,1,0,0
375,9ied5p,e6j1nt2,"Me: Finally travels abroad. Also me: not enough energy to leave the bed for most of the day.. I get to be depressed in international beds, guys!",Force yourself to take a shower in the morning. Then force yourself to get dressed and take a walk. No end goal in mind. Just a nice leisurely walk. what I did abroad and I found myself in the most fantastic places.,0,,0,2,2,1,0
376,auo0t4,eh9cb6a,"My parents wont allow me to sick medical assistance because they think my depression is bs. Title. I'm 16, got no money. What to do?","Ask your school counselor what resources they can give you. Just go into the office, ask for the counselor, and see what they've got.",0,,0,0,0,0,0
377,7dtnn4,dq0vf13,Wish I would die soon and be reborn as a cat or a dog in a loving home.. Would love to have a loving home to be in.,"The thing that puts me off on reincarnation is that in the next few decades the quality of life on earth will probably tank pretty hard due to the effects of global warming. Granted, a cat or a dog would probably care very little about that Being reborn in a different, better universe with magic abilities though? Hell yeah, give me that shit. Eternal slumber is fine too tho",0,,0,0,0,0,0
378,5jagpb,dbemukb,Everyday is a success.. I successfully manage to not kill myself.,Every victory is well deserved :),0,,0,0,1,1,0
379,4rub18,d54priu,Will things ever start looking up. I'm on a downward spiral with no hope,"Thing will only start looking up when you do. Its ok to feel down and hurt for a bit, but don't let it consume you. I briefly looked through your post history, you're going through a break up, it's understandable. I am also going through a break up and depression came with it. You gave your heart to someone and expected them to so the same. When they didn't you became devastated. The truth is you're a loving caring compassionate kind person and deserves someone who wants you always. It will work out, things will get better but you have to try and make them better.",1,"It will work out, things will get better but you have to try and make them better.|The truth is you're a loving caring compassionate kind person and deserves someone who wants you always|",0,2,2,2,0
380,5d14si,da14epr,"I have been a Freshmen for 3, 1/2 years. I don't even blame my depression , I am just dumb. I was at community college for three years and now I am on academic probation in a university, this is my second semester here and I only have twelve credits to my name. I am trying , I really am but it's just hard and hopeless. The other day my parents told me we made room for your future degree , next to your siblings degrees! I am twenty-two years old going on twenty-three. I don't know what to do.","It took me seven years to get a bachelors, and a lot of that was done part time or online. Do it on your schedule. Nobody else's.",0,,0,2,2,1,0
381,89pg8w,dwsyva7,"i did a bad. I was behaving shittily to my friends, requiring an intervention from one of them, and even though everything seems to be alright for now, I can't forgive myself or overcome my guilt. It hurts. I can't even speak to them.","What was the end result of the conversation you had with them? Was everyone impacted there? Was there an explicit apology and acceptance of that apology? When you say that you think things are cool now, what are you basing that off of? Some guilt never goes away, even if the impact of the action does.",0,,2,0,0,0,2
382,6l4v99,djr4z4y,Quit smoking &amp; need help (F16 turkey). Im depressed for quite a bit and i crave for cigar and stuff any recommendations about what i can do instead of smoking,"How about going for a walk? I was never a smoker, so I can't speak from experience, but walking or exercising helped me when I had cravings (eating disorder and drug related). It made me feel better to get out of the house and enjoy the scenery of a nice park. Maybe take a book or listen to music. Take it easy, if you smoke frequently you might get out of breath quickly. Bring some water and a snack or some candy. Also picking up an easy hobby to keep your hands busy, like sketching or origami? I started folding paper cranes to keep my anxiety at bay and it really helped.",0,,0,2,2,1,1
383,4ihrzw,d2ydg4i,"I will always love you. Here's to another sleepless night. Here's to more tears. I sleep in the comfort of your flannel. It makes me feel safe. I'm reading and learning as much as I can to help you. I know you start your new job tomorrow, so good luck. Love always, thorwaway0909",So many feels. Here to chat if you'd like. I'm going through a similar thing at the moment and it's tearing me apart.,1,So many feels. Here to chat if you'd like. I'm going through a similar thing at the moment and it's tearing me apart.|,0,2,1,1,1
384,5dasq0,da32f5c,"I am pissed that Voluntary Euthanasia is only for physical diseases. By legislation, they would only perform euthanasia on you if you suffer from an incurable disease and are in unbearable pain. But that only goes as far as physical diseases. Not for something like depression which aptly fits the description.",Me too. Me too. Not the only thing that makes me hate this awful society.,0,,0,1,0,1,0
385,4y5k20,d6l43bw,"I have no friends, Not sure where to go. So hi. I fucking hate this life.",I get this. Having no friends is a weird void. mostly lack of distractions I suppose. And filling that void is really hard. Doesnt help feeling existentially lost.,1,I get this. Having no friends is a weird void|,0,0,1,1,1
386,922khd,e332231,"I feel so dysfunctional. Ever wish you could live in someone else's shoes for a day to observe how they function through everyday life?. I feel extremely dysfunctional. I barely have the energy to get through an 8 hour workday. I have no motivation to clean, to be productive, etc. How do other people do it? I've always wondered how other people live.","I'd say that they choose to endure it... It's just that they have a more hopeful insight, they can fully understand something good will happen from their work, and they can grasp that it's real. That's why I sometimes wonder if Depression is stunted cognition (maybe imagination), because if I could imagine the beauty that life has to offer I'm sure that no matter what got in my way I'd plow through. Why would neurotypicals work so hard if they couldn't in some way see the other side, feel it, almost experiencing it? I just think we're unable to do that.",0,,0,0,1,0,0
387,aq32gc,egdhwnc,What do you WISH to be told when you're at your worst?. Once someone listens to you and you trust them... **What's the most helpful thing you could ever be told in your lowest times?** &amp;#x200B;,Im always here for you,1,Im always here for you|,0,0,0,1,0
388,92lyn5,e36sxke,"Sometimes. Parents are sometimes blind to what is in front of them, I wanted to tell them I had depression, but their reactions to another person having it shocked me. I can't tell anyone why I cry at night, why I feel at peace discussing my own death, no one.",My girlfriends mom told her she was too privileged to be depressed. My mom has dealt with depression so she realised I was depressed as soon as It happened.,0,,0,2,1,0,0
389,8wuxxa,e1ysy7u,My family is treating me like a f*cking dumbass. I cant take it anymore it's driving me insane,"I know how you feel. Been there and trust me it can get better. You got to prove them wrong my friend. Parents sometimes don't understand when they verbally tell you your stupid it brings you down. Who cares what they say/treat you like, your worth it and live your life the way you want too.",1,"I know how you feel. Been there and trust me it can get better. You got to prove them wrong my friend. Parents sometimes don't understand when they verbally tell you your stupid it brings you down. Who cares what they say/treat you like, your worth it and live your life the way you want too.|",0,0,1,1,0
390,4do15s,d1ssjqg,"had a panic attack at work today. It kind of fucked up my day, I was really embarrassed.",Ah I'm sorry :( Panic attack are awful but you certainly shouldn't feel embarrassed!,2,Ah I'm sorry :|,0,0,1,2,1
391,5pu00k,dctuqu5,"I hate this hopelessness I'm stuck with.. Sometimes it's really impossible for me to see anything positive in my future, and all my motivation and willpower are just... Gone. All I want to do is just sleep my life away and ignore all the responsibilities I have.",I can 100% relate to this.,0,,0,1,1,1,0
392,7s3lnz,dt1xmsd,"Die... tired, things are getting way too hard these days. I dont want to commit suicide, for now. I hope just die in my sleep.",I always wanted to die in my dreams because I'd like to believe I'd get to stay in them. Probably wouldn't happen that way.,0,,0,2,0,0,0
393,8dbp2z,dxlw93k,Nothing triggers me more than what are you depressed for?. The brain just fucking does its thing sometimes,Most problems are relative and we're able to express the same amount of pain. There's plenty of reasons to be depressed about; and equally there's a same amount to be happy about.,0,,0,0,0,0,0
394,9jofjo,e6t14m7,"Has anybody here understood WHY they are depressed?. It is one question I can't answer. I am 24 now, and I have been depressed for about 10 years. I read a lot of explanations about depression. Some connect it to family, some to movement, some to capitalism. Has anybody found an answer for themselves?",I've been depressed since I turned 10. From what my therapist says it's not uncommon for the beginning of chronic depression to coincide with the begining of puberty. I think that's when it started for me.,0,,0,2,2,1,0
395,5h3fiv,dax3w2i,"Grandma has lung cancer, getting depressed.. The girl I like a lot is mad at me, grandma has stage three lung cancer, dad is always mad at me.. thinking about suicide again...","Everyone die. Maybe you will die from lung cancer too. Its LIFE. For girl you can fix this easy. Explain what you feel about her. And parents always mad in every family, like my mom",0,,0,2,0,0,0
396,6e8jc6,di92n6g,While others are out partying you're stuck in your bed because you have no friends. Summer is a rough time.,"Everyone's got their jobs, padding their accounts, going on dates, partying with friends, traveling, just living it up. Some of us are watching time pass.",0,,0,0,0,0,0
397,8uu3xd,e1i5aef,‘The sadness will last forever’. I feel so lonely and empty and nothing is working,The sadness will not last forever. Tell us more about your predicament and I'll offer some advice and help!,1,I'll offer some advice and help!|,1,0,0,1,1
398,4s2ywn,d566lds,i dont feel worthy enough to live!?. i literally dont see anything special in me and im a dissapointment. how can i stop feeling this way?,"I often feel the same, but many people don't find their life's purpose until later on in life. Either way the only person whose opinion matters is you, so don't let anyone tell you different. Everyone is unique and doesn't live the same life or the same way! As for how to stop feeling that way, it really depends. Maybe talking about the reasons you feel that way would help? Perhaps trying to try new things and find that thing that makes you feel important, proud, happy, successful, etc. could help. Regardless I hope you are able to see the part of you that is already there that is special OP. Message me if you ever wanna talk more about it, I struggle with it often as well.",1,I hope you are able to see the part of you that is already there that is special|Either way the only person whose opinion matters is you|Message me if you ever wanna talk more about it|,0,2,2,1,1
399,93makg,e6se7v7,How do you guys keep going when it feels like you're 6 feet below rock bottom.. Edit: no thanks for the help guys,"Sorry this is over a month old but I do hope you are feeling better. The thing about bottom is, there is only one other place to go. Talking things out with someone often puts things into perspective but even the act of just getting things off your chest usually helps. Let me know if you want to chat, I will listen.",1,"Let me know if you want to chat, I will listen.|I do hope you are feeling better|",0,0,1,1,0
400,9w4syj,e9j1jnj,Animals are awesome. I go on a lot of walks in the middle of the night and I think I've become acquainted with all the outdoor cats in my neighborhood. I even had one walk with me before. Nothing feels better than chilling with a random cat on a lonely night.,"Yep, animals are awesome indeed.. So much easier than humans with all their shit hah",0,,0,2,0,0,0
401,7k50g7,drbn3yf,"Is this depression?. I feel empty inside sometimes. There's nothing there. No thoughts, no emotions, nothing. I'm just hollow.","Actually, if it continues over a long period of time, it could be depression. You shouldn't be feeling numb all of the time. Are you also experiencing sadness?",0,,2,0,1,1,2
402,8yicpv,e2b3npz,"i have no friends. no friends, failed with girls many times, sometimes I think the world would be better off without me",I'm a little lite in that area too.,0,,0,2,0,0,0
403,944g1v,e3i73lt,"I love/hate how my depression always lifts when drunk. It's so frustrating. I can see so clearly when drunk, I actually feel like working on my problems, I'm just so happy overall. Then I sober up and it's the same suicidal bullshit again. I don't understand why basic functioning is something I have to fucking work for...",Sounds like a rough ride. Would you like to quit drinking?,1,Sounds like a rough ride|,2,0,0,0,1
404,742oh7,do2hcnw,"I think tonight is the night. I feel like letting go of all this pain, im just some fat piece of garbage. Theres no use in being alive at this point",I hope you're okay. There's always reason to fight even when it feels like there's nothing.,1,I hope you're okay. There's always reason to fight even when it feels like there's nothing.|,0,0,1,1,0
405,42rpab,czegzuj,"When I was a kid, I wished I had depression once. I feel like I brought this on myself.. I saw how depressed people got more attention as a kid and I wanted that kind of attention. I also was curious what it would feel like. What would drive a person to such limits.  I'm not curious anymore.","You didn't bring it on yourself. It's normal to want attention, especially if you feel you're not getting enough. It's lonely here. Everyone is looking for attention. Me included. Come to think of it I used to wish the same thing. I was a lonely kid, still am. I can understand where I was coming from when I wished I was depressed as a younger kid. I wanted someone to care about me. I think I was already depressed at this stage.",1,"You didn't bring it on yourself. It's normal to want attention, especially if you feel you're not getting enough. It's lonely here.|",0,2,2,2,1
406,4nagc4,d42ane5,I'm pathetic. My life is pathetic and has no meaning.,"I believe life itself is meaningless but we create meaning within it, find something you like doing (doesn't matter if it's juvenile or whatever, fuck those who say otherwise) and get good at it. You just need one brick to start laying a foundation of self worth. Don't give up dude.",1,find something you like doing (doesn't matter if it's|,0,0,1,1,0
407,8n46gx,dzthyew,Been in bed all day today. I desperately wanted to mop my floors do my laundry and work out but. I just can't get myself out of this bed And off this dam phone.,"I get it. I got out of my bed, picked up my books (to study), my pc, but then just went to another bed I have at home. :/",1,I get it.|,0,1,1,1,0
408,8c5qi3,dxci6w0,Not even weed makes me happy anymore. It just makes existing a little more tolerable I guess,Yeah a really bad idea. Just ramping up the artificial amounts of dopamine consuming until numb to everything going to help in the slightest. how you get addicted to heroin.,0,,2,1,0,0,0
409,96c2sg,e3zml4d,Any mindfulness techniques anybody knows? For OCD/ Anxiety/ DPDR/ Panic attacks. Exactly wat the title says,"With anxiety, deep breathing while thinking about puppies or something else you love helps. Sorry, but I don't have experience with the other ones.",0,,0,0,1,1,0
410,41m8vx,cz3fgxv,"What do you do when you're in an unhappy relationship, but you don't have the personal strength to end it?. Just endure till one of you dies?","You pick yourself up and you tell your partner how you're feeling. If there's nothing that can be done to save the relationship, tell your partner. Remember that you loved them once and really you don't want them being with someone who doesn't love them either.",0,,0,0,1,1,0
411,8w0orm,e1ruepi,"I seem to always be the first to try and help someone else with their problems, yet when I need help nobody seems to be around to be an open ear for me, I wish I had someone in real life who cared enough to listen to me and just let me spill everything out. Anyone else feel this way?","I'm not entirely certain what reaction you're getting, but I hope you'll give those around you a little slack if they can't be as openly receptive and caring as you need at first. I'm sort of the designated problem solver in my circle, so quite a few of my friends come to me for advice and sympathy. It's never, never a burden. Instead, it's an honor. They trust me with their secrets, their problems, and value my opinion enough to ask for it. Reverse the situation. Aren't you glad when someone comes to you? The thing is, not everyone is built for that. Especially, I have found, it can sort of weird people out when the Rock, the Stable One, the One Person In This Messed Up World Who Has Their Stuff Together needs help. I mean, here's the person they go to and they rely on when they need support... and that person needs support. Suddenly you're not Superman anymore and it can be a bit disconcerting. Perhaps try introducing A problem at a time, slowly, and seeing if they can get used to you also being a normal human with issues. Good luck!!",1,"'m not entirely certain what reaction you're getting, but I hope you'll give those around you a little slack if they can't be as openly receptive and caring as you need at first.|Perhaps try introducing A problem at a time, slowly, and seeing if they can get used to you also being a normal human with issues. Good luck!!|",2,0,1,1,0
412,6vdc5g,dlzesc7,Laziness or lack of motivation.. How have some of you battled depression related laziness?,"Hi Talk2muchaa, Lik onus111 suggested, 'feeling like doing something' just does not happen. If you're deeply unhappy with a lack of activity in your life, you just need to force yourself to do it - That's the sad reality of it. HOWEVER, that doesn't mean that there aren't ways to make FORCING yourself 'easier' on your mind and less stressful. If you want to build a house consisting of a 1000 bricks, take 30 seconds a day to lay 3 bricks and in one year, you will have a house. You can't punish yourself for not building Rome in a day. You will go on Twitch and see streamers who are making millions... YouTubers who are making millions. I mean fuck, PewDiePie has 56 million subscribers. But that shit didn't happen in just one day. You need to break shit up into increments. Perhaps others don't have to do this. But it's the only way I've found to get anything done. If you want to learn a language, go on Duolingo. Set a '10 points per day' challenge. Yes, it's jack-shit in terms of work. It takes literally 2 minutes a day, BUT- it's something. Try and ignore your brain saying Increase the goal to 50 a day, we're getting fuck-all done because this will break your discipline and you'll go back to 0 a day. Consistently doing 10 a day for 11 days, is better than doing 50 a day for 2 days, burning out and stopping altogether. The key to beating depression-induced laziness is TINY, incremental steps. For example, I'm learning Calculus on Khan Academy. One. Lesson. A Day. That's right- the average Khan video is around 10 minutes. I do one video a day. I am slowly, but consistently learning. Each day I go over the notes from the previous day. The problem isn't volume- it's consistency.",0,,0,0,1,1,0
413,7qk5o1,dsprxsy,"Does anyone else find comfort in suicide?. No matter in how much shit I get myself into, suicide is always there as my loyal backdoor. If everything goes wrong I can just end it all and suffer none. Hell sometimes it even gives me confidence to go through stuff that I'm afraid of.","Heh. The thought of suicide is what I sometimes turn to at night to help me sleep. The thought of ending it all is just so strangely comforting, like nDad's grilled cheese sandwiches or my sisters voice. It's even calmed me down when I've been laying in bed, sobbing hysterically.",0,,0,2,2,1,0
414,9ryfc9,e8klq7h,"I need to improve myself as a 17yo but idk how. itle Im 17yo boy. I feel empty. I have no goals no purpose Everything in my life is mediocre. Grades are mediocre because i dont know how to study for better grades. Im kinda fit but i cant stop eating junk food and i hate coutning calories and idk what to do. I dont have a goal or purpose I spend lots of time gaming and idk what to do instead. I watch porn lots. I need to stop but idk how and what to do instead I want to change my life. I want to stop feeling empty,foggy,with no purpose I want to get fit but idk what to do about food. I want to stop gaming I want to learn how to study but idk how. I wanna get fit,get good grades and have a purpose, a goal, have something to do instead of mindless just living,gaming and watching porn please help me","The simple answer is to just go do it. You set goals and you force yourself to complete them. Start small and work up, I will work out for 1 hour or I will only game for 1 hour then I will do something else or I will only have 1 *junk food of choice* today. Lifestyle changes don't happen overnight. You need to set realistic expectations and goals. Then slowly over time build towards the you you want to be.",0,,0,0,0,0,0
415,3xfnzp,cy48k9c,"Need to vent. Please someone PM me. BTW, I'm not suicidal or anything like that. Just really depressed.","Hey man, I seen that you need to vent. Im all ears and you can tell me anything. Just shoot me a PM",1,Im all ears and you can tell me anything. Just shoot me a PM|,0,0,1,1,0
416,8xwvhq,e2738c9,Life is not worth living if there's nothing to enjoy. Fuck anyone who says otherwise,"Thanks, my depression is cured.",0,,0,2,0,0,0
417,9fosm9,e5y5nuf,I get excited to hang out with my grandmother.. We are going to get our nails done. I be this excited. because I have no friends. Why I make any friends? so fucking lonely. It makes me feel like I just grow up. I feel so alone in this world.,It's good that you are spending quality time with your grandma. Our grandparents are only with us for so long.,1,It's good that you are spending quality time with your grandma. Our grandparents are only with us for so long.|,0,0,0,1,0
418,5wblf1,de8vd0g,I dreamt that someone shot me in the head. I wish that dream would come true,"I dreamt that too. When I started to die, everything started slowly fading and falling away. The more dead I became, the more I woke up. It was like I was aware that I was in a deep dreamless sleep when I was dead. Then I was awake in shock. More surprising than scary. Life is like a dream now.",0,,0,2,2,0,0
419,a912wg,ecg1zng,I don’t know why I just cried. I was making cookies and I just started feeling overwhelmed with stress.,Were you able to finish the cookies?,0,,2,0,0,0,1
420,6xtgsw,dout1kz,I'm going to die. I feel more suicidal now than ever.,It's afternoon here in the Philippines. I'm at work now. Can't sleep?,0,,0,0,0,0,0
421,4us4zc,d5slrmb,"Has anyone here gotten better and stayed better?. As far as I've been able to tell, no matter if you get better or not, depression will always just come back. Temporary problem, my ass.","One of my friends got better. Like, not just temporarily felt better, but like, actually got completely *better*. Honestly I was kind of shocked. I mean, I guess we all dream of someday getting better, but I'd never really heard of that actually happening before. She lost a ton of weight, got into a happy relationship, and has half a dozen dogs. And she's *normal* now. Like, not depressed or anxious anymore. She's happy. I'm really happy for her, not just because she's my friend and I'm glad she's not suffering anymore (although that's part of it), but also because it means that getting better really is possible and it's not just some made up dream. But at the same time I feel really awful and sad when I talk to her, because when I hear about how wonderfully her life is going now and how great she's doing, I feel like a worthless failure mentioning my own life. We used to bond over talking about how awful mental illness can be, and I felt like she was a light in the darkness, someone who was weathering the storm with me and who truly understood my pain. Now I feel ashamed because she's moved on and I haven't. I feel like bringing up how I feel now would only make her feel guilty and awkward. It feels like as my friends start to get better and move on with their lives while I remain stuck here making no progress, there's no longer any place for me.",0,,0,2,2,2,0
422,7cylmj,dptn6xo,Sometimes it difficult to ask for help. What is worse most people won't be willing to help.,Sometimes you got to find the right people to help you is all. I think you would be surprised sometimes the people who would be willing to help,0,,0,0,1,1,0
423,5jngfn,dbhj318,The woman I love is getting married in 2 weeks. I'm in denial. I'm in pain. She's all I want.,I'm sorry man. I wish I could take the pain away.,2,I'm sorry man|,0,0,1,1,0
424,4pkdhe,d4lo9dq,"So depressed. I'm sitting here contemplating my reason for existence, and suicide. Please don't link me to sucidewatch it doesn't help any. I just wish I could have friends who stay longer then a couple days.","Well I'll be here if you'd like to talk, though I may be too young as I'm only 14, though I understand what your feeling &amp; it's terrible. Hopefully it'll get better for us sooner or later, anyway I wish you the best of luck",1,"Well I'll be here if you'd like to talk,|Hopefully it'll get better for us sooner or later, anyway I wish you the best of luck|",0,1,1,1,0
425,480ndh,d0gte1j,"I love being drunk.. I don't know how I survived before I started drinking. The more liquor I drink, the better I feel. If I drink enough, eventually I get to a state where I stop hating myself like a normal, well adjusted person.",It does feel like the human race doesn't suck as much when I'm drunk. I actually enjoy listening to what people have to say. I enjoy doing the stuff that brought me happiness when I was younger. Sucks I can't be drunk at work.,0,,0,0,1,0,0
426,5fun0r,dan6x99,"Goodbye. Edit: still alive for now, because of you guys ^^","Don't do it. Whatever there is ailing you, you know it's hard but you can overcome it. You're a human being. You sent people to space and conquered the animal kingdom. You can conquer depression.",1,"Don't do it. Whatever there is ailing you, you know it's hard but you can overcome it. You're a human being. You sent people to space and conquered the animal kingdom. You can conquer depression.|",0,0,1,1,0
427,87asav,dwboqye,"mirtazapine increase to 30 mg after 2 days of 15mg?. i wonna take mirtazapine for adhd / lack of motivation / depression, so i thought 30mg in the morning would be nice. it has been only 2 days since i started from 15. can i already up to 30mg? what would be downsides?","Mirtazapine as far as I know is used for depression/insomnia typically. Not for adhd. I would ask your doctor about vyvance or another drug similar to that for your adhd... mirtazapine is perfectly fine to go from that dose to 30 in my opinion. It would be better if your body was introduced longer to the 15mg (2weeks) then bumped up to 30mg, but I see no complications or issues with being bumped up to 30mg this early in the game. Side effects of Mirtazapine are that it will make you tired, so the motivation and everything may be an issue with your adhd... Again look into vyvance. You may gain some weight also, that is a common side effect. Also some anxiety could occur, but that is rare. important to read up on your meds when you receive new ones. Or ask your doctor before you even get prescribed them.",0,,0,0,0,0,0
428,73m8pi,dnrcvum,i had a dream where i finally died and it was amazing. why did i wake up,The most cliche response ever,0,,0,0,0,0,0
429,6ksayc,djozk5a,"I'm tired of being single, but i wouldn't wish myself on anyone.. I'm fat. I'm ugly. I'm boring. And I have no redeeming qualities. I should do the world a favor and just die already.",Oh god yes. I know this feeling. There is nothing good about me. I got rejected by a guy a couple months ago that I was sure liked me too. He doesn't even know it but he made the best decision for himself. It would be the worst decision of his life if he started talking to me again. I'd feel so guilty letting somebody deal with my shit.,1,Oh god yes. I know this feeling|,0,2,2,1,0
430,8jsjf8,dz25gpo,honestly what is in this world for me.. nothing thats what i feel like living to make other people happy when they only like me cause they feel sorry for me not cause they actually like me jesus i live such a sorry life.,at least you got people trying to comfort you. I even dont have that. Again there are people who got it Much worse,0,,0,2,0,0,0
431,762ey7,dob0fji,sometimes I like fantasizing about jumping off a bridge or in front of a bus. maybe it'll become a reality. hopefully sooner rather than later,"Same. I fantasize about shooting myself in the mouth, feeling the gun's cold black metal on my lips, hearing the trigger click, and being finally free from this bullshit.",0,,0,2,0,0,0
432,7i396k,dqvtzaz,"Is there anything that you still enjoy; if so, do you enjoy it a lot or only a little?. I enjoy coffee, but it only makes me feel slightly more motivated. Haven't felt actual joy in decades.",music. I kind of just have it on in the background at this point. But when that new album drops I get excited.,0,,0,2,1,0,0
433,agpfjm,ee80lzd,"Is there anyone here who has been constantly going to work for at least 5 years?. If yes, then how the hell do you do it? I hate going to work. I'm quitting jobs soo often.",Not really sure what you're asking. Had the same job for five years? Never taken a sick day? Just been consistently employed for 5 years? Or old enough to even have a five year work history?,0,,2,2,0,0,0
434,84c795,dvovs2p,One thing I will never ever do for sure:. Procreate. Being born is a curse. I hope I die very soon.,"The worst part is seeing people bring life into the world, when they don't have control of their own life.",0,,0,2,0,0,0
435,7627zc,doax0uh,I want to die. Title says it all. But i want to not live my life. Its hard to see past today and the right now emotions.,"I have that problem too. Some things my CBT therapist suggested were: cold cloth on face, smelling lavender, taking a brisk walk, breathing exercises, and watching something funny. I truly hope you escape that dark cloud. I can confirm that I'm glad I lived to do and have the things I've done, despite pits of gravityless depression, despair and cutting. I believe you will find your way to good things as well.",1,"I truly hope you escape that dark cloud. I can confirm that I'm glad I lived to do and have the things I've done, despite pits of gravityless depression, despair and cutting. I believe you will find your way to good things as well.|",0,2,2,2,0
436,93am2c,e3c8z4i,I’ve started to pray more recently. I pray that die in my sleep every night.,"Me too, and I don't even believe in a god. Just do it on the chance I'm wrong",0,,0,2,0,0,0
437,9bsip2,e55dwo2,Anyone else on here in their twenties and never been employed?. I'm pretty sure this is not a really common thing... And it sure is debilitating. Makes me feel like a totally lost cause.,No real job. I've have cash in hand stuff. Last job looked promising but I said I didn't want to do cash anymore as it's illegal and they didn't call me back at all.,0,,0,2,0,0,0
438,8xn4u4,e248su2,"hit a big depressive dip recently.. a combination of parents yelling at me, dissatisfaction at life, and mixed feelings about everything brought me into a low point again. i feel like i've broken yet another thing inside me.","I was like this at 16-18 all I wanted to do was sit in front of my computer and not leave the house. It wasn't like I was actually doing anything productive but on youtube / games I was just rotting and completely ok with it because it stopped me feeling that deep void inside and the negative voice. I am now 28. Iv'e managed to find a little bit more of a balance between technology and life but I am still depressed and cycle in and out of this. I would look into an addiction though, it is possible to be addicted to electronics (especially gaming and the internet). If you feel like you're agitated and your depression is linked into computer usage you might want to consider that your depression and negativity is linked into an addiction.",0,,0,2,2,1,0
439,7hryax,dqu834o,"I’ve been lonely for so long to the point where I actually like it.. This sounds stupid, but do any of you guys feel the same way?",yes. wanna vent to each other? just pm me,1,yes. wanna vent to each other? just pm me|,0,0,0,0,0
440,5t2e02,ddk4ixw,Pretty sure I will die alone. I am so depressed these days because I haven't lost enough weight. I want to lose it because I'm sick of being rejected. I can't stand it anymore. I'm having suicidal thoughts because I'm so lonely.,"Have you lost any weight? At least you're going in the right direction, right? Are you seeing a therapist? Are you seeing a psychiatrist? They can help a lot. Hope this helps",0,,2,0,0,0,1
441,7ycb77,dufb1xa,Every time I try to leave this sub I end up coming back less than two months later.. It just keeps coming back. I don't want this the rest of my life. I want to give up so badly.,"I feel similarly. I'm not on here all the time, but every couple of months I find myself coming onto this sub just to read through posts and see if anyone else out there gets it, or to try and comfort someone/lend an ear to listen to. Please hang I know whatever you're going through is tough, something I won't even pretend that I can put into words, but you can and will make it through whatever it is. Just trust and hold onto that with everything you've got.",1,"Please hang I know whatever you're going through is tough, something I won't even pretend that I can put into words, but you can and will make it through whatever it is. Just trust and hold onto that with everything you've got.|",0,2,2,2,0
442,5oyk4b,dcnc8cl,"I just want to hug someone.. Unfortunately, that is not possible.",If you were here I would hug you right now.,2,If you were here I would hug you right now.|,0,0,1,2,0
443,7vs790,dtuopol,"I've had a hard time going back to school. Going back to school has been difficult for me, It's been around five years since I've been in a class room and I ask the teachers and the people that I go to my classes to cut me some slack for being rusty but they tell me that it doesn't matter, and my step mom doesn't want me to use the computer because she doesn't want to share. Its lead me to skipping classes because I feel like theirs no use in going to school, it would be cool to know how you would handle this situation and if you can give me any advice.","sorry to hear that, but been in a similar situation after taking some time off of school. My best advice is to take the minimum amount of classes possible so you get too overwhelmed. For me essential to plan my assignments in advance, so that I can just do things one by one and not let it all get piled up cuz then I wanna die. Also, if you need a break, take one. School will always be there but good to take care of yourself too :)",2,sorry to hear that|,0,2,2,1,0
444,7t3djl,dt9jqir,I've been laying in bed for 2 hours. I've been laying in the dark with my eyes closed for 2 hours and still can't fall asleep. I have to be up early for classes too. This sucks. I just want to sleep but my heart is pounding and i can't stop thinking. It feels like I'm wide awake.,I always have herbal OTC sleeping supplements prepared in case that happens. Relaxing teas works too but then you are sleepy and have to go to the toilet. In many cases they work pretty well.,0,,0,2,0,0,0
445,97lhhp,e492qpc,"My car is clean for the first time in years. Because starting to figure out not only about self care, care for everything, as much as you can. a good day. I hope have a good day as well.","I'm proud of you! Even though I don't know you I truly am. Care for everything that's worth caring, you'll find it's more than it seems.",1,I'm proud of you! Even though I don't know you|,0,0,1,1,1
446,7jj0fe,dr7ia6c,"Lying in my bed at 2pm, too tired to do anything. My mother is pounding on the door and screaming at me because I am so worthless.. I just want to fucking kill myself. Wish I wasn't such a coward. edit: I really fucking hope I will get over myself and do it today.",Disability resources has made college much more doable for me. Please seek them.,0,,0,2,0,0,0
447,75fr37,do5vgt0,I'm not depressed since being on drugs actually they've made me happy.... Wired thing is now I just want to die happy.. happy days a,"I can get that, but the feeling's only temporary, isn't it? An hour or two maybe depending on what exactly, but still. Those things always run out and I find myself being broke not long later, having to lend or beg relatives, yadda yadda yadda. I hate it, but love it at the same time because that always seems to pay off. Sure, I don't have the right mindset for this thing - drugs are bad, and so on and so on but whatever works works. Just make sure it works and doesn't make it worse is my advice.",0,,0,2,1,1,0
448,6c56i2,dhsa51f,It's not that there aren't any people to help me. It's that I don't think I deserve their help,"I always feel awful by bothering other people with my issues, I just feel like such a burden, and sure when you say that to someone they say that it's not the case... but idk I guess people are too busy with their lives, and it's really my fault to be bothered by it so much. Like why do I have the need to want to share my problems, but hide them away at the same time? Man I'm sorry it's such a crappy feeling to have, just feeling undeserving of anything.",0,,0,2,2,2,1
449,4blwot,d4ekdge,Suicidal. I genuinely think I won't be here much longer.,Just wondering how your holding up?,0,,2,0,0,0,1
450,9qc2gl,e88e7vo,i hugged a pile of clothes for a long time today. thought about my ex-fiance thought about my mom,I need to do that.,0,,0,0,0,0,0
451,6swxus,dlg6blp,"depressed. i have depression and want it to go away, but it wont so this is me expressing my frustration at that","Depression is no common cold. There are people that live with it for decades. The solution to controlling, or ridding oneself of depression varies, person-to-person. So, perhaps medication works for Bentley, whereas Allison exhibits no improvements despite numerous boosts to her dose. Maybe Allison has an abusive partner that's affecting her mental state. In that situation she would benefit from distancing herself, as well as seeking professional counseling/therapy...But I digress. In your life, it might be productive to identify that things that worsen your mood. Maybe you need to change your environment, catch up on debt, etc.",0,,0,0,0,0,0
452,6bip2m,dhnfcn4,"How can i stop caring what people think of me?. Iv watched stupid countless videos on YouTube, still didn't help","Don't worry, we are mortal for a reason.",1,"Don't worry, we are mortal for a reason.|",0,0,0,0,0
453,3ydiho,cycjxnw,Why. I'm drunk because I have nobody to get drunk with. It feels good that I can kind of get my mind off of things. I haven't been very happy lately. Isn't Christmas the happiest time of the year?,"Hey, what's up? In general, it is the happiest time of year, but on an individual level, happiness can be at any level, any time of year.",0,,1,0,0,0,0
454,68qep0,dh0heoe,it's been almost a year now. how long will this go on,*hugs* Try and take care of yourself. I know it seems hopeless and like your trapped but don't let this fucker get the best of you,2,*hugs* Try and take care of yourself. I know it seems hopeless and like your trapped but don't let this fucker get the best of you|,0,0,1,2,0
455,6zjas5,dmvnway,"Should I tell my mom I tried to kill myself today?. I feel like I owe that to her, but I don't want to break her heart...",Do it. You'd break her heart more if you actually go through with it.,0,,0,0,0,0,0
456,8nxgmm,dzz3tkx,"Depression, BPD Rational Thinking Rambling In Manic. depression in my eyes venting",This is a perfect place to vent your mind if you want to continue.,0,,0,0,0,0,0
457,3v3t5c,cxk3ncl,I know hate is a strong word.... ...but I legitimately hate myself.,Do you mind if I ask why?,0,,1,0,0,0,1
458,6qxxu6,dl0t2kd,"I wish someone would just kill me. I'm so fucking tired of life, I wanna fucking die so badly but I know I won't ever have the courage to kill myself. I just wish I would die in an accident or someone would just come along and put me out of my fucking misery.","I was thinking the same thing like a minute ago. It's kinda reassuring to know I won't have the courage to take my own life, but I'm scared at the thought of what if I'll find the courage? honestly.",0,,0,2,1,1,0
459,5636f7,d8g11ue,My parents help others get help for depression but ignore it when their own son says he wants to die.. I want to kms just to spite them,You piece of shit how Dare you make such an insensitive comment to someone that is potentially suicidal FUCK YOU!!! Have some empathy you waste of a human being.,0,,0,0,0,0,0
460,95yibg,e3we5pa,"Do you ever question the point of your life?. I do this a lot. I've asked myself the same question a million times already. I've wondered the purpose of my life for years now, and here I am, still asking this question. I don't belong here. I can't do anything right, I just suck at everything. I would kill myself, the only thing stopping me is my family. I don't want to hurt them, neither disappoint them, but it's their fault. They are held in this delusion that I'm somehow going to do something with my life. That won't happen. I'm an incompetent worthless pile of garbage, and either they fail to see it, or they do see it, and try to convince themselves otherwise. I obviously have no chance at finding a significant other, and I sure as hell am not having kids. That would just be selfish, to risk them inheriting my shitty genes and having to live with that for their lives. I can't even express in words how much I want to die sometimes. Life is too random, and there's too much luck involved. It's just a mess of who gets the luckiest, and what they can do with what they were blessed with.","Well look, I see your confusion, but not really asking a question. not really giving yourself a chance to construct something that will give you a leg to stand on when it comes to your own consideration. asking these rhetorical questions, like, what? supposed to have kids? supposed to do something Those things are up to you, but if you find value in them then you keep looking for validation there. It sounds like trying to work backwards from what you think makes other lives worth living, what you think validates their lives. But a vexed approach. Those things may enrich a experience and situations, but they confer meaning and significance in and of a cart before the horse thing. We get value from lists of attributes, you just plug in these arbitrary conditions and get a happy human that lives an engaging life. And, more importantly, you fixate on those attributes and dream that those magical little things are what stand between you and your sense of fulfillment and worth. You have to start smaller and construct that sense of purpose and wellbeing piece by piece. You have to make little investments in your immediate world that contribute something to that.",0,,0,0,0,0,0
461,5u3ec5,ddr34gw,"Today is not a good day to be a single self loathing 20 something year old guy. Fuck this shit, I'm done","It's not a good day to be in a shitty relationship either. Or even, in a solid relationship you've had for years. Sitting there forcing the love that is long gone trying to feel something you no longer have. Maybe tied down by your children forced into a life you never thought you wanted. Point being the grass is always greener on the other side my friend. But there is suffering and there is happiness everywhere. Who knows what you will get? Maybe what you do have isn't so bad after all.",1,Point being the grass is always greener on the other side my friend. But there is suffering and there is happiness everywhere.|,0,0,0,0,0
462,97ndrq,e49lpp0,"I have no future. So I just realized that because my depression and anxiety don't let me work or study or have social interactions, and I've been with 10 Psychiatrists and 6 psychologists and I'm still like this I have no future, so what do I do now?","Some people will keep trying, and they cling onto hope. Others give up and accept they will never be able to function like normal people. Some will vent and turn into incels. Others just quietly feel sorry for themselves. And honestly, every single one of those options is perfectly okay, because no one can blame you for how society fucked up mental illness.",0,,0,0,0,0,0
463,9zi9bs,ea9ci53,"I can't do this shit during the holidays.. Fucking gets me down as hell seeing everyone on Instagram with their significant other. Having a good time. Someone getting proposed to, people saying how happy they are to have so and so with them. I cant fucking do it. Makes me feel super down...","Hey man same here, I consider myself a loner too. never been in a relationship personally, if anything, they slow you down. If anything your friends are just showboating and most of their relationships will turn to shit regardless in later time.",0,,0,2,0,0,0
464,avxkh3,ehijpb3,"This is all my fault.. all this hatred and anger its all me, I control my emotions and i pushed people away because of it. All this rage it makes me feel good, but at the same time it Why do i do this to myself? Become my own worst enemy.","Sorry to hear you have been going through a rough time. Emotions can be hard to control and anger can be an easy out. It lets you feel powerful, in control of things. In therapy they teach you to sit-down often and sort through your emotions. What emotion are you experiencing right now? How do you identify it? What caused you to feel like this? What steps can you make to prevent this feeling? Try to walk yourself through some of these exercises. They might help you better understand your emotions so that you can control them in the future.",2,Sorry to hear you have been going through a rough time.|Try to walk yourself through some of these exercises. They might help you better understand your emotions so that you can control them in the future.|,2,0,1,1,1
465,5fooz9,dam1f5h,Anyone else get depressed over their crush or relationships in general?. Like when you like someone but you know there is literally 0% chance they will ever even know you exist... And it makes you feel really fucking down and depressed...,I'm in the same boat. Except that now I actually live closer to him but it would be too weird to just start talking out of nowhere after so much time. I'm just waiting for the day I'll accidentally bump into him somewhere and hope he remembers me at all.,0,,0,2,1,1,0
466,5f3l9n,dah7hre,Remeron and nightmares?. Anyone else experiencing nightmares while taking mitrazipine/remeron?,I think most anti-depressants give you nightmares. Both my mom and I take them and we both have horrible nightmares. You get used to it.,0,,0,2,1,1,0
467,7ewd6g,dq7y9ra,Feeling lonely and would love to hear about why you feel depressed and I’ll tell how I feel. The title says it all. Just pm me if interested,"Haha, how much time you got?",0,,2,0,0,0,0
468,5e1rq7,da92s9h,Why are you depress?. I dont know myself im ok now because im highhh i think because i over look everything the point that nothing feels natural Like im not myself I need to get better.,I don't know either. I guess there are too many reasons that caused me to feel depressed. I don't know if I want to actually get better because if it feels as if I am lying to myself about how life is good.,0,,0,2,1,0,0
469,40admb,cyspp69,This year is my last change to figure out I'm not capable of being a real person before being forced into it anyway. Title says it all. Just feeling trapped again as usual. How's your day?,"I can feel myself spiraling into another deep depression but I can't do anything to stop it. I just realized today that as I sat in a room full of my friends I felt alone and unhappy. It also doesn't help to watch my mother drink obscene amounts of alcohol, destroying her mind, and not being able to do anything about it.",0,,0,2,2,2,0
470,9f4s0k,e5u1x2z,I wish I had a guy spoil me with gifts. That'll be so nice.... I'm a teen and so far I had to work or put in a lot if effort for a lot of the shit I have now...l.,the typical easy life of a woman in 2018. Made easy by weak men.,0,,0,0,0,0,0
471,8o2ndn,e010c1k,"06.06.. its my birthday in 4 days...normally i felt quite happy about it, but this time i just want to ignore it. i dont even know why, im just generally pissed off by the idea of it...",Hey mine is in two days as well! My friend today was telling me to make plans for it and I responded with the most disentrested eh yeah maybe.,0,,0,2,1,1,0
472,8pelt1,e0aoa84,Can anyone help me im in pain. Im in chronic pain and ready to kill myself,"Hey there, feel free to pm me if you need to chat. No judgments from me, just ready to listen, so feel free to say anything you want or need. Please stay strong.",1,"feel free to pm me if you need to chat.|No judgments from me, just ready to listen|so feel free to say anything you want or need.|Please stay strong.|",0,0,1,1,0
473,6ox7g8,dkkvwqs,"Anybody else's depression occur only at night?. Sun falls, and my bad thoughts race. 8pm is when I take my anti-depressants. Maybe that is a factor?","I'm not sure I can say I have depression but yeah, during the day I'm too busy.",0,,0,0,0,0,0
474,5xkfq1,dej9o65,today i burnt my toast and my first reaction was that i should kill myself. what the fuck is wrong with me,Actually I get this a lot. Can't bake a fucking cake? Can't use the coffee machine without creating a mess? Can't make a stupid toast AND drop it? I don't know if it's helpful but right after such things happened I imagine how hundreds of other people on earth experience the same situation right now. Helps me sometimes.,1,Actually I get this a lot.|,0,2,2,1,0
475,7nzi87,ds5qcxw,I want to kill myself. I won't do it. But I want to,"Join the club... On a more serious note, killing yourself would be really selfish. There are people out there that care about u whether u see it or not. It's not all about u.",1,There are people out there that care about u whether u see it or not.|,0,0,0,0,0
476,6wfv8t,dm7suvj,Why must everything be so difficult. Why must every little thing be so hard. Why must I constantly fight against my own brain. Why couldn't we have been friends instead. I don't suppose.. Whatever. Why must everything be so hard..,"Because life is not easy and its horrible but you cannot have the highs without the lows, what is wrong what type if things are you fighting with your brain over?",0,,1,0,1,1,2
477,4s6alh,d56uy25,Just want a hug and a shoulder to cry on. Life is so miserable.. People just say get over it dont think about it,I'm so sorry you feel that way. Would you like to elaborate? I'm here if you need to chat,2,I'm so sorry you feel that way. Would you like to elaborate? I'm here if you need to chat|,0,0,1,1,1
478,98pq14,e4iaocn,I'm giving up on my relationship. I'm not gonna be the one doing all the romantic gestures. I'm done being the one always trying to do something. I'm done caring. If she won't make me a priority I'm not gonna make her one. Well see how she'll feel about it,"I do understand why upset. You pour your heart and soul out and do everything you can in order to make that special person happy. But keep in mind that they ask you to go above and beyond. That was a choice you made. not fair to expect them to reciprocate when the one who wanted to pamper them... I think that instead of trying to you should voice your thoughts to her. You can explain how you feel. That you hope they can try to be more ... affectionate, attentive, appreciative, etc. This is a relationship. Communication is so important but more importantly is respect for each other. If u care about her try and make her sad because hurt. And sometimes it takes time for a relationship to build trust and affection. Some people as good at dating as others. I hope doing okay whether you stay with her or not.",0,,0,1,1,1,0
479,7ala14,dpay388,There is literally nothing anyone can say to me that would convince me to not kill myself today. All I've ever wanted is for someone to convince me that life is worth living. But NO ONE can fucking do it. Life is really that fucking bleak.,"I'm not going to lie to you and say there's a point in life. Because I don't think life has any point at all. The only think I can say is if you have friends, maybe you can talk to them. If you don't have any friends or know anyone, then everyday is a living hell..",0,,0,0,0,0,0
480,7p680u,dseuigj,"I hate the good days. I'm really starting to hate any good days that I may have. I get one every month or so and it's quite possibly worse than just being depressed. It dosent matter how happy I am or how much I try, I know it will be right back. And worse than a normal day. After a few hours I fall right back down. I honestly don't know why I'm still alive. My life has just been a series of fuck ups. I should be a functioning adult by now and yet I can barely think straight. I'm just running in circles, I do the minimum to survive. Daydreaming is my only escape and even my depression is inhibiting that. Why, why me, why any of us. I wouldn't wish this on my worst enemy.","You got it all wrong. You should be looking forward to making more of those happy days, if you force yourself to be sad simply because you know you're depressed, you'll never get over it ever. Hang onto those days and strive to make more happy days each month. Depression is fed from negative thought process, let it starve",0,,0,0,0,0,0
481,7dxdm8,dq16nay,".... I desperately need aid in this instance of my depression, to handle it. I'm already in an severe episode and what's coming is different, it feels much darker. Please, help.","Just do your best man. going through dark times (probably the worst of my entire life), just keep trucking on.",1,Just do your best man|just keep trucking on.|,0,2,1,1,0
482,9vo55d,e9eqspg,I told my psychiatrist that depression memes were a thing. Just waiting for him to find r/2meirl4meirl,But subs like /r/dragonsfuckingcars totally don't right?,0,,2,0,0,0,0
483,704fau,dn0vh5s,"How to over cognitive impairment from depression??. I used to be the smart kid in the class before I became depressed!! I would do the work but it would be easy because I payed so much attention in class. I did well in school exams (Not as well as I could have but better than average) and have been in and out of college since due to indecision and anxiety from my depression. Giving it another go and I am so stupid!! I can't pay attention to anything. How can I get rid of this grogginess and be as alert as I used to be? I know exercise should help, but what kinds and how much? And are there weird foods I should eat? (Heard turmeric and black pepper in smoothies? And omege 3 supplements)",IME supplements are worth nothing when it comes to serious brain fog. Are you on medication?,0,,2,0,0,0,0
484,6fqpol,dikev81,"I regret not killing myself.. I feel like life isnt worth living, it just keeps on getting worse, i hate everything i just wish suicide was easy.","I agree with what you're saying. What about suicide do you find difficult? Just getting the nerve to actually do it, worrying about the consequences, etc.?",1,I agree with what you're saying.|,2,0,0,0,2
485,a8xh3c,eceqqc8,"One December, I'd like to not say that was the worst year of my life. But since 2015....things just keep getting worse.","that be nice? I am in the same boat...for about the last 8 years it just keeps getting worse. I am sorry you are going through it too...I am not real hopeful about it getting better for me anytime soon, but I really hope it does for you. it strange that we can believe it can for someone else, a complete stranger on the internet, but not for ourselves? If not happiness, I hope you can find at least some peace and comfort in 2019.",2,"I am sorry you are going through it too..|I am not real hopeful about it getting better for me anytime soon, but I really hope it does for you.|I hope you can find at least some peace and comfort in 2019.|",0,2,2,1,0
486,5t6s10,ddkkzxu,"I feel really alone. Man I feel awful , I broke up friendship with my best friend and I now have absolutely no female companionship whatsoever. I feel really lonely man. I share strained friendships everywhere.",People hate you because you're strong. The depression will turn to hate and you will want to slaughter faggots legally.,0,,0,0,0,0,0
487,7l5o4v,drk2ylm,Does anyone have an experience with Citalopram?. I have been put on it due to my depression getting worse. I was wondering if anyone has been put on it and what are your experiences with it? Do you find it's helped you?,I did several months on citalopram but eventually got moved onto escitalopram. I'm now taking Wellbutrin with the latter. Much improved.,0,,0,2,1,0,0
488,90a7tg,e2ozmeb,"Self help without professional treatment. Hi, I believe that I may have major depressive disorder. I am going into college this coming fall and do not have the funds or time to seek professional help since school is coming so soon. What can I do to improve my life for the time being? Every day I face a lack of motivation, feelings of hopelessness, general sadness, and overall lethargy and laziness. Nothing I do motivates me and every time I try and do something I give up halfway through and never return to what I was doing.","I would say plan around your depression. You gotta give yourself more time to do stuff because there will be days where you just do work. If on average you give yourself 2 weeks to do a paper, give yourself 3 weeks and push yourself to work when you have good days. Know that going to be tiring to try to work as soon as your depression temporarily lifts and just take things in small increments. Write a paragraph a day for 3 weeks and or write two paragraphs when you miss a day due to depression and voila! Same results, different pace, depression included and worked around. Practice self care and indulge in the fee things that make you feel okay. stay in your dorm/apartment constantly. Seriously, even if you go to the library for a few hours a day, it helps with isolation. If you like to write, start roleplays with people on geeking or rolemance and reply when you need a break from academic writing. Otherwise indulge in low energy hobbies. And try to eat 2 meals a day even when you feel like it. It makes a difference. Overall, the transition is going to be rough and even more rough for you because of depression so try not to get stuck in a loop of bad habits. Break your routine if not making you feel good and professors are more understanding than not about late assignments and group projects. Be candid with them. Tell them you have the disability accommodations et but working on them. Good luck!!!",1,Good luck!!!|,0,0,1,1,0
489,8gf3om,dyb9b0w,Just got fired from my job. It absolutely sucks. I really hate this feeling. I feel I was misled astray. I am numb and feel like my wife thinks I am a failure... Very depressed.,"Think of it as this way, you provide a service and they compensate you for that service, its a contract. You getting fired, is just the termination of that contract, and thats it. Take your services elsewhere. Have you used indeed.com before? check it out, you might find something interesting.",0,,2,0,0,0,0
490,6o38f8,dke90zo,I feel depressed and whiny 100% of the time. Any tips?. I run 60 minutes a day and live at home. I don't work. I have no job. 26yo male. Any tips?,Start with finding a job/career that sounds interesting and look into it.,0,,0,0,0,0,0
491,ai6mv8,eelkw4u,"I'm angry. I don't even know what I'm angry at, so just life I guess. I don't really have any motivation to do anything about it, so it's just sitting there inside me and I hate it.","I get angry at myself as well, along with all other negative Emotion and toxic feelings. Lately i have been trying to better myself by reading,and browsings like deciding to do better/get disciplined/get motivated. Some posts are really refreshing to read. Maybe you could try to find something to distract you. Learn a language or skill or something. Spending time with friends. Make new friends. It is good that you have some long term friendship. short term friendship is not bad too.  Dont know if you do this or not. A mistake i made is that I used to watch a lot of comedy. Comedians would make a lot of self deprecating jokes, they would say things like : nobody likes them, they are unattractive, got terrible personalities, they have messed up life, blablabla in a very funny way. And i actually took it serious (by this i dont mean i get offend by jokes ) And proud that i am relate to that. So i always lookdown on myself. But i stopped doing that and try not to read posts on depression/ 2meirl /other sub that might bring me down.",0,,0,2,1,0,0
492,6o5nc0,dkf3z19,You deserve to feel okay.. You deserve to feel good.,Thank you but right now I feel like I only deserve to die.,0,,0,2,0,2,0
493,80lat4,duwfcg6,"I wish I could die. I'm so miserable and I feel like it is so unfair that we have to keep going. I'm going to be alone forever, I'm always going to feel this empty and sad and sore and tired and inferior. I want to run away from my life",Let's start from the beginning. Is there anything triggering this currently that you can think of? How long have you felt this way?,0,,2,0,0,0,2
494,5usp0u,ddwn2c8,"What's the most supportive thing anyone has ever done for you / could ever do for you?. A friend is struggling with depression, and I'd like to help her as much as possible. What can i do to be as helpful and supportive as possible?","I do landscaping during spring through fall. It's just me, not for a company. Through word of mouth, I started working for this nice couple. They new nothing about my mental illness and made me feel so comfortable, I told them. They have been unbelievably supportive. They've adopted me as their grandson and continuously check to see how I'm doing and to take me to breakfast or lunch. I'll even be going to Canada with them in a few months. It was a wonderful reminder that there are really good people in this world once you get to know them.",0,,0,2,2,2,0
495,7z3gel,dul4bvl,I am so tired. I just want someone to care,"Hi there, I care! I wanna listen to your story and we can become pen pals! PM me anytime you want",1,"Hi there, I care! I wanna listen to your story and we can become pen pals! PM me anytime you want|",0,0,1,1,0
496,8lxndq,dzj8vys,My husband says I have no reason to be depressed and that it’s stupid of me to always be so down. He says he’s sick and tired of it.. Does that mean sick and tired of me too?,"The only thing unreasonable about this situation is him. Communications is key, but if he listen it would be good to find someone to talk to",1,The only thing unreasonable about this situation is him|,0,0,1,1,0
497,4irlvd,d30kx0a,I'm tired of everyone thinking I'm okay and the happiest person they know. That's about it just wanted to say it,"Maybe if saying it is too hard, why not write to someone you really confide with. That way the conversation starts and you can bring yourself into speaking out on it. Things like this will keep eating away at you.",0,,0,0,0,0,0
498,a0crx9,eagpzit,When you have to stay alive for someone else. I just can't leave my friend who just lost a family member to suicide and I'm the closest friend. &amp;#x200B; But I just wanna die,"Well at least you still can hold on to that choice. Being terminally ill for the past 7 years (Im 42 now) the physical pain of a slow and horrible illness has led to my depression and desire to die. It is up to my wife though. And for her I live every day in hell. When you have even one person to keep you going, it can be enough. I am a lurker here and I read posts to give me perspective. Rarely can I physically reply. But what my experience being bound to a bed 24/7 has taught me is that once I made my peace with dying, I became indifferent to everything. For myself It's been tough to see people truly depressed to the point of wanting to die. I am very empathetic, but my depression is a symptom so its hard to understand. The one thing I do understand though is that the last thing you want to hear is Don't do it!!! Call this number... or other similar programmed/indoctrinated responses. So just know this... The world and life can be one big shitshow... So it helps to keep toilet paper handy. Let your friend be your toilet paper and be your friends toilet paper. It will be enough.  Lastly... Just remember that no matter how bad life feels (and is...) even I am artificially grateful for the fact that I have a far better life right now (suffering from *pain and bound to a bed), than 99.999999% of all humans to have ever lived. Just try to make it as long as you can. Know how much worse it can be. And let your toilet paper know that you need them to help clean up some shit. Then when you are ready to go.... You will know. But I cant see it happening for you as long as you remain attached to someone that you can call a friend. So give yourself a list of requirements that must be met for you to end it all. *- Pain so severe that causes me to vomit my own feces at times as it sends my body into shock. I wish you the best. I hope you can suffer less in time if possible. You and I are here right now... That makes us stronger than those who gave up yesterday. (And if you do one day come to the realization that you must go, make sure to do it in a way that allows your organs be given to help others. It helps me knowing that maybe I will have something that can give a healthy, long, and amazing life for a person who is still able to live it. ) Just think about making the list... And go tell your friend, right now, that you love him/her... Even if they are not quilted and only 1-ply thickness. You both need that right now... The whole world needs that right now.  Edit: sorry for the novella and my poor humor. Brain isnt what it used to be.",1,Just try to make it as long as you can. Know how much worse it can be.|I wish you the best. I hope you can suffer less in time if possible. You and I are here right now... That makes us stronger than those who gave up yesterday.|,0,2,2,1,0
499,8mej5p,dzmz21d,"I Don’t Want to Hang Out with Anyone. just come back from school, and I really feel like hanging out with anyone because I feel as though no one wants to spend time with me, and I feel like if I ask, they do it out of pity...was curious if anyone felt the same way","I also struggle with this...whenever I hang out with people, I feel like they can do so much better than me and I wonder why they bother hanging out with me. I wish I knew the answer to avoid feeling this way",1,I also struggle with this..|I wish I knew the answer to avoid feeling this way|,0,2,2,1,0
500,8op5e0,e059dzt,"Do you think love from the right people can fix you?. A lot of my mates that I know in real life that are also having a hard time mainly attribute it to lack of affection or love, be it from parents, a spouse they've had a falling out with, someone who left their love unrequited, you get what I mean. I myself had lost many people who meant the world to me, most of it due to me simply not being as important to them as they are to me. It's definitely taken a huge toll on me, but it's not the only reason why I suffer today. I wonder sometimes because of this, perchance I get the love that I crave from the people that I cherish, would things be different? Would I be fixed? I personally doubt that I would be fixed. So many things have happened that I feel like I simply cannot be a normal person anymore who can genuinely feel pure, innocent happiness. What are your thoughts?",Aww you are so lucky to have her by your side..! Inspirational,2,Aww you are so lucky to have her by your side..! Inspirational|,0,0,0,0,0
501,a8n531,ecc2mtb,Hello fellow depredditors.. What are your plans on getting through the next two weeks? I will be sitting alone in my house looking at the four walls. I might go outside and look at the happy couples for a while. What about you guys?,"be spending my time reading books. If in another world, I think about the real one.",0,,0,0,0,0,0
502,45ihpc,czy4oo8,Is it worth going to the doctor for S.A.D(seasonal affective disorder). Every time winter comes around I lose all my energy and motivation. Any advice on what I should do?,"Definitely talk to your doctor if the lack of energy and motivation is interfering with your job, relationships, or quality of life. Even if it's not that serious it still might be worth seeing your doctor just to be sure that it's SAD. There are other conditions (hypothyroidism for example) that have symptoms similar to depression.",0,,0,0,0,1,1
503,5ftux8,damzzk9,Mental health services can kiss my ass!!. They don't help with shit,"I've had the same experience with them, but I think the problem was that I wasn't opening up to my therapist. Don't give up just yet!",1,Don't give up just yet!|,0,2,1,1,1
504,89pfjk,dwsj711,Depression or Laziness?. I just feel like not doing work when I could be doing work and using depression as an excuse. I often feel like not doing the best I can even if capable of it and i feel so guilty.,It is even worse if you were lazy before you got depressed and now you are double lazy lol,0,,0,0,0,0,0
505,9t0b89,e8txotz,"Cyclothymia. I have just been diagnosed with cyclothymia and am terrified because changing my meds. My meds been working the greatest, but so scared to switch them up. Does anyone else have experience with cyclothymia? just now for the first time in my life recognizing the symptoms I have.","I was diagnosed with it when I was 15, and I am 22 now. For my antidepressant, I tried lexapro ( which i stopped taking; because, it made my dick stop working), and wellbutrin.. which was alright. My antipsychotic was risperidone.. which I honestly am still dealing with a side affect of it till this day. I'll be honest, I took those combination of drugs for like 2.5 years, and just stopped. I learned how to deal with the symptoms a lot better than I did from years prior.. looking back.. thst could've gone poorly. I'd recommend being open in discussion with your psychiatrist about the effects these drugs are having on your body and your mood. There are quite a few drug combinations for this type of diagnosis, and it would be wise to work dilligently with your psychiatrist until you find the combination for you. Don't be afraid of them changing your meds. They aren't work anyway, so you may as well be open to working with professionals to find something that works for you and your body. I'd also recommend to try being aware as possible if the symptoms, the triggers for those symptoms, and look to grow from them even while on these medications. Keep a close eye out for unwanted side effects. A lot of the medicines they may try to prescribe would require regular schedules blood work. I'll be honest, I did the irresponsible thing and ended up just not taking them. I got tired of taking medicine at that point; because, I had been taking it all my life. Whether it was for childhood epilepsy, ADHD, depression, and the last diagnosis cyclothymia. Was hospitalized twice before I got the cyclothymia diagnosis, and it was pretty bad at one point, and looking back.. I'm really lucky I didn't mess myself up by just stopping cold turkey. Work with your psychiatrist and maybe even work with a therapist if you can. Do all you can do to find the proper treatment, and YOU WILL BE OKAY. You are not",1,"Do all you can do to find the proper treatment, and YOU WILL BE OKAY.|",0,2,2,1,0
506,7e8w10,dq38mhm,It gets better over time. Biggest fucking lie I've ever heard,"It's true in certain contexts. When you're at the lowest point of depression? Yes, it's going to get better. Depression, overall? Probably not going anywhere. Life? No promises. Could get better or worse.",0,,0,0,1,0,0
507,9dw1z4,e5kf4av,I hate this world and I hate work and I’m unable to sustain myself. I’m awkward boring and weird so everyone treats me like shit and I tried to fix this for 18 years but no result it’s staying. And I’m really tempted about this killing yourself thing. Any alternatives?. Just asking before doing it.,end it man! Go somewhere. Be on your own. Figure yourself out. nobody so broken that it cannot be fixed.,1,end it man! Go somewhere. Be on your own. Figure yourself out. nobody so broken that it cannot be fixed.|,0,0,0,0,0
508,4j6dci,d34jz5l,Made it to another birthday folks.. Nothing special. No need for comments. Just kind of checking in. Don't know why birthdays are such milestones. No plans or parties. Been on a couple meds for almost a month now. I'm just here.,"Same here, my birthday is today. Not doing anything special, same shit different day. Also been on meds for nearly a month. Have you noticed any differences from the meds? I haven't noticed any difference, aside from feeling like shit when I wake up lately.",0,,2,2,1,0,1
509,6q7v9x,dkvd3jr,Best friend just bailed on going to see my favorite band with me...for my birthday. Somehow I expected this but it still hurts.,"Talk to him about it, maybe he forgot it was your b-day or he had an emergency? For better or for worse, talk to him about it and clear it up or else that terrible feeling you currently have is going to stick around for a sometime.",0,,0,0,0,1,1
510,5obe1t,dci4rfz,"Depression fucking sucks. I'm 14 and I've noticed in the last year serious signs of depression. I know my aunt had it on my dad's side so I'm not sure if that's where I got it from. The thing is I have nothing to be depressed about, my parents are extremely caring and I live in a wealthy town, I have friends who I love and a great school system, yet I have depression. I come home and lie in bed before turning on iron and wine thinking about killing myself. Two weeks ago I came very close, only to be stopped by anxiety and crying. No one deserves pain such as depression, and I know a lot of you experience the same and I'm sorry. It's not fair to anyone.",There doesn't necessarily need to be an external (or immediately visible) reason to be depressed. Sometimes it can be (as you suspected) be genetic and run in the family. Do you have anyone to talk to? Can you go to a school counselor?,0,,2,0,1,1,1
511,7yh4q9,dz88e8h,"DAE ever go into psychotic laughing fits by your self. Just laying is bed, reflecting on life. Then you start laughing pretty hard because you realize just how fucked it all is.",I have a time or two....it feels good.,0,,0,2,1,1,0
512,43i6ys,czilwjh,Anyone feel homesickness at home. I know that sounds strange but I think that's the best way to articulate it.,"No time to find link right now, but Sarah Silverman said exactly this in her interview with Terry Gross on Fresh Air a few months ago.",0,,0,2,0,0,0
513,6xuwll,dmiw2qc,i feel great. i told my first irl friend that depressed,what was his reaction? So brave of you btw? I told a few of my closest friends and we actually got even more close,0,,2,2,2,1,1
514,7xxfqn,duby1kh,"Best night in a while :). It's 12:30AM and I'm halfway through a fifth of Skyy watching Cowboy Bebop. I'm not worrying about class, work, or some social bullshit. maybe this is what I needed.",Cowboy Bebop is one of my favorite animes! Glad you're doing well.,1,Glad you're doing well.|,0,0,1,1,0
515,6pnt5f,dkqtxqo,"How do you cope with deeply traumatic memories?. There are a few serious instances from my (otherwise ok) childhood that I would really, really love to forget. Of course, this isn't possible, and repression/smoking my life away seems to only make things worse. What are some better alternatives? How do you find peace? ...Can you find peace?","I just try to remind myself it's a thing of the past, and that's all it will be. the pain I've felt and been through is no longer painful. sure it hurts to think about, but not as much as it hurt in the process. people that live in the past live with guilt, people that live in the future live with anxiety, people that live in the present live with peace.",0,,0,2,1,1,0
516,9gl0wi,e64vurh,"Birthday blues. I hate birthdays. No one remembers it. Not even my Usually just end up crying all day because I realize I mean nothing. My twin usually gets all the happy birthday wishes and cake. a nobody. Wish I could off myself, too wimpy to do that.",Your fiance is a bumface for not remembering. Get a new one. Happy birthday,0,,0,0,0,0,0
517,9e2j4m,e5lohqm,I miss her.. i really want to die. i miss her so much.,Fuck her. You need her.,0,,0,1,0,0,0
518,7b0eo3,dpe7vbi,I'm so fucking lonely and bored. It sucks not having any friends. I'm spiraling back into depression after doing so well for a few months. Now I'm all alone in my mind again. My soul hurts from seeing other people have friends and being happy. I hate myself.,"I'll be honest, I feel kinda sorry for you. You have completely nobody? Perhaps you had some people, but due to some things those relationships didn't work out?",2,I feel kinda sorry for you|,0,2,0,1,1
519,9mbmos,e7di7mo,"No friends?. How, as an adult, do you make friends in 2018??","Posting this, you are looking for a friwnd? Well I have not much to offer you but a chat. You want to be my friend?",1,Well I have not much to offer you but a chat.|,2,0,0,1,0
520,7vv81k,dtvd4rz,I have brief moments of happiness(2-3 days) where I feel like I’m getting better and my meds are finally working but then it all just goes to shit. so behind on my work. I deserve death,"In my experience, when meds start working, you slowly start having good days now and then. You may get like two good days, three bad days, some good days again etc. Until you keep getting more and longer stretches of good days. For me it's actually a sign that the meds are working. Don't worry about work too much, your health is more important and is your priority right now.",1,"Don't worry about work too much, your health is more important and is your priority right now.|",0,1,2,1,0
521,5mlrsg,dc4y0n9,"Where does my mental illness stop and my personality begin?. I hate my depression, but at the same time I am terrified of losing it. What would be left? My current life is the result of years of untreated depression and apathy, and that is what I have always been.",Thank you. That's so relatable.,0,,0,0,0,0,0
522,797cc6,dozrr1u,I always feel like I don't deserve nice things... I've met some new people and they've been really nice to me but I always feel weird and like I'm not deserving of that... I'm tired of feeling like this,"Try self affirmations. Tell yourself nice things about yourself, even if you believe them. I tried probably 20, but landed on brave. People like me. Im Maybe even write them down on a sticky note and put it on your mirror.",0,,0,2,1,1,0
523,85ve3y,dw0wn1x,I can't get out of bed.. Been in bed all day. I need positive words.,It's always sunny above the clouds,0,,0,0,0,1,0
524,5hy5e5,db3x4ot,"Today I felt a lot better than I did in the past year, but now I feel dead again. Will you fucking fuck off depression?!","I know the feeling. It sucks. But maybe now when you had even short moment of relief, maybe even happiness, you know it's possible to feel that way and you can try to get energy from that. Hope it doesn't sound stupid. Stay strong.",1,I know the feeling. It sucks|you know it's possible to feel that way and you can try to get energy from that. Hope it doesn't sound stupid. Stay strong.|,0,0,1,1,0
525,7cekpz,dpplfwy,Fuck unrequited love. How do I get over it?,Legit one of the best pieces of advice seen on this sub in a long time. Thanks bro.,0,,0,0,0,0,0
526,5kcfgr,dbmynuh,Seeing someone I'm attracted to makes me want to kill myself.. It makes me think about what I'll never have. I try to suppress my feelings around other people because they just hurt.,"Same boat, man. Seeing happy couples, especially my friends, is like being stabbed in the gut.",0,,0,2,2,1,0
527,atkzmx,ehcioxh,"How do I know how to decide between seeing a therapist or a psychologist or a life coach ?? Please help. I am a 22 year old male, I work 2 part time jobs, I suffer from depression and loneliness and social anxiety and low self esteem, I don't know what to do with my life and what to do with myself. Which category should I seek help from ?","Hi, I hope you are doing okay today. If you have never scene anyone, I would recommend a therapist like a LCSW (licensed social worker). In my experience, the type of care you get is less important than the connection you feel with the provider. So I over think it too hard. Instead, put that energy towards finding the right person. Which means calling lots of places, talking to a lot of people and listening to your gut. Have a good one",1,"Hi, I hope you are doing okay today. If you have never scene anyone, I would recommend a therapist like a LCSW (licensed social worker).|Have a good one|",0,2,1,1,0
528,8dp18i,dxowdfk,"If I have a power that I can let people feel my pain, They would finally understand what it’s like.. This just popped up in my mind, If that happened. They can finally understand what I feel.",Why would you want them to?,0,,2,0,0,0,1
529,4obqyd,d4b8fbq,"Does anyones depression seem to get worse depending on time?. I've noticed that at night around 1:00 AM it seems my depression gets worse, I'm only wondering if someone has had something similar happen","Atleast I'm not alone in this situation, also that really sucks",0,,0,0,1,1,0
530,6qsp8v,dkzpjyc,I cannot sleep!. Please why can't my brain just relax :(,"It's only about 1:45, there's still time to get some sleep, even if you're up early. Ultimately worrying about sleep isn't going to help you relax, and that's just going to make it harder to sleep. Try to think about something else",0,,0,0,0,0,0
531,43mrfw,czjhyeq,Depression. I struggled with depression for quite some time now. I did so well at finding the light in life and doing things not even imagineable...but lately that light has been dulling out again and I am worried that I will hit that rock bottom again.,"Stay positive friend! Keep your momentum going! I've had two mantras that I've carried with me since I first muddled through depression as a child. The first is Momentum. I start my day by making my bed, and it gives me a little feeling of accomplishment, and I make it to the next thing, and I try to carry this energy throughout the day, and into the next day. The second is Resolve, and it comes out on the days where I just completely dropped my momentum. These days are much harder, and I have to remember that its worth continuing on, that there's always a little beauty in every moment, even if it's sad beauty, and that I am able to help in the world. Today was a Resolve day for me, but I'm really hoping to get back into a Momentum day tomorrow! Keep a hold of the reasons you found the light, and the way that light made you feel.",0,,0,2,2,1,0
532,5g28fa,daowf5c,"I took 20. I took 20 paracetamol about twelve hours ago, unsure what to do. I don't think I'm going to die. I doubt it. Any advice on what to do next?","It won't kill you definitely. You should be fine, but it's still harmful. I would recommend visiting the hospital, especially if you feel bad. Stay safe anyway, wish you all the best.",1,"Stay safe anyway, wish you all the best.|",0,0,1,1,0
533,7m5vti,drrmrv2,Does anyone else ever think this sometimes?. You just want to exist but you want to die. Kind of just want to sit at home and do nothing and let everyone else live their lives. You really bother them or have them bother you. Just kind of do nothing. Does anyone else feel this once in a while?,"I feel this pretty frequently, although lately it's evolved to wanting to die. It's such a weird feeling to have though, not wanting to be alive or dead.",0,,0,2,2,2,1
534,4dbz1e,d1pkb0w,"What the hell do people do all day?. I honestly am baffled by what people spend their time doing. I literally spend almost all of my time on my desk, in front of the computer every day of the week.",Mindlessly working to afford to be able to live. Laying in bed trying to forget all of my problems,0,,0,2,1,1,0
535,42s5ip,czczmpq,"Ever woke up and thought to yourself: Wow, I am such a sack of shit. That's me. Almost every day.","Replace sack of shit with failure and that's about right. I have no idea how so many people generally do well in their lives, you know - relationships, careers. I often think that it's an inevitability that some people are just meant to fail at everything throughout their lives as a way for the world to create a balance for all the successful, content people out there...an example of yin and yang in practice.",0,,0,1,1,0,0
536,5labf9,dbu45rm,pain with hanging yourself. i always thought hanging yourself would be extremely painful. however i just choked myself with my belt because i was curious. it wasnt really painful and i started to black out quickly. still figuring out when. where and how ill go though. this give me some reassurence though :),There is a difference between choking yourself with the belt and dangling your bodyweight from a rope. It will hurt.,0,,0,0,0,0,0
537,99jo4q,e4o7saw,Cheer me up please. Just if you something funny or nice you saw or heard today that would be good.,"I heard a funny new joke...why did the chicken cross the road? To get to the sad house to cheer them up...knock knock, there, is the chicken.",0,,0,0,0,1,0
538,7a86ld,dp82cq9,"This Halloween I went as no one and went nowhere. No costume, no parties, no outing. Didn't get invited anywhere because I have no friends. I didn't even get any trick or treaters. Just stayed home alone. Woo.",me too... no one invited me to anything. and not one trick or treater either! i have been eating all the butterfinger minis. how are you?,0,,1,2,1,1,0
539,5z8ulq,dewdjlc,Feeling really bad. All I want in life is to be loved and I'm never good enough I'm never worth anything to anymore,"I'm sorry. I've been in and out of a relationship for years now. She's loving and considerate and great in so many ways.. but there's no commitment. Actually the space between us has grown over the years. I guess part of it is that I'm a bit of a basket case and it can be emotionally taxing. I don't even want to put her through all of that for the rest of her life. But at the end of the day I just want to go home and share my life with her.. and she's not there. She's done so much for me but it makes me feel so unwanted that this is the end of the line. Like I'm just a burden and despite all the love she has to offer, I'm just too screwed up for it to work. I feel so lonely and so stupid for everything I've done to turn her away.",2,I'm sorry|,0,2,2,2,0
540,5aap5u,d9fgo37,I always send the last text message. No one gives a shit about me,I used to be very hurt by that-- but now I just focus on how the relationship feels when we're in person. I may be the last to text but if we can get together and it feels like we haven't missed a beat-- I'm cool.,0,,0,2,1,1,0
541,7i1eyg,dqvnprm,Nausea. I am the only one who feel this nausea 24/7??,Definitely anxiety related for me. usually okay but had a stressful night a few nights ago and just felt nauseous since. Gets really bad when just laying in bed to the point where I sleep cause I think gonna throw up hoping it passes soon,0,,0,2,1,1,0
542,6cq3i1,dhwnayw,I don't want to be alone.. But I have to be.,How tragic and true. We of r/depression can be alone together.,0,,0,1,1,1,1
543,8zwm58,e2lxib6,I'm all the way down now. I can see all the way to the bottom...,I'm sorry you are feeling this way. We are here for you.,2,I'm sorry you are feeling this way. We are here for you.|,0,0,1,1,0
544,5om0jx,dckk47x,"Finally felt good... for a while.. Started off the day feeling great, like I was getting back on track. Now I feel like absolute trash again and like there's nothing I can do to salvage my flaming wreck of a life","I know how frustrating this is. My dr diagnosed me with a really difficult to treat depression. once a medicine starts working I immediately i start feeling more awful than ever. I'm trying to get my life together. I got a kitten to keep me company and after months of job searching I got hired at a cool place (I start in a week). But i'm having worse nightmares than ever, and I just can't be as excited as i think I should be. Its hard :(",1,I know how frustrating this is.|,0,2,2,2,0
545,98e36s,e4f9x0l,"I’m afraid.. I know what to do or where to go or what to say or how to help or how to change or how to exist. lost, confused, sad, angry, frustrated, and just afraid. so afraid.","Hello there, don't worry, you're not alone! It's good you are reaching out in a state of confusion, it's better in a way that it can help you get a grip of things again. Just know you're not alone for now and that I'd like to lend an ear if you feel comfortable to. We're in this together.",1,"Hello there, don't worry, you're not alone! It's good you are reaching out in a state of confusion, it's better in a way that it can help you get a grip of things again. Just know you're not alone for now and that I'd like to lend an ear if you feel comfortable to. We're in this together.|",0,0,1,1,0
546,9pnz1i,e833daa,why am i depressed?. why am i depressed? &amp;#x200B;,Does you happiness rely on other people's behavior?,0,,2,0,0,0,1
547,8mmytd,dzova4j,"Sometimes I want to cry because of how non-existent my relationship with my mom really is. I can't have a single genuine conversation with her, it's probably both our faults","in a similar situation, honestly. It sucks.",0,,0,2,1,1,0
548,ai5v34,eelphib,"third person?. Do you guys ever feel like living in 3rd person? Like not actually there in the moment. I feel like watching a tv show, where not actually in it, just watching it go by.",All the time. Ive made hundreds of impulsive decisions and burned so many bridges based on this feeling.,0,,0,2,1,1,0
549,aq24qu,egcx4vv,I wanna cut but I’m scared.. I just wanna die but I So I wanna cut and i I feel like not strong enough?,Do you have any close friends you can trust? If so tell them how you feel and if they're your friend they will you help you through this. Also don't think you're not strong enough to cut yourself. Your strong because you haven't. Sending positivity your way. Also I upvoted your posts to help your karma. Not much but I do what I can!,1,Also don't think you're not strong enough to cut yourself. Your strong because you haven't.|,2,0,0,1,1
550,56wj0p,d8mzddp,"I don't know if its worse living with medication or depression.. Either way, they're both killing me.",One of these things will slowly kill you. Neither one will save you.,0,,0,0,0,0,0
551,7k6m0l,drc1ry3,I don't even fucking like me. First thing I do when my alarm wakes me up is grab it and throw it on the floor. I just want to live in isolation.,"The free days I do have I spend them doing nothing. The people I interact with, I don't really think they like interacting with me. I'm just here by default",0,,0,2,1,0,0
552,82cwhz,dv9llz6,"I thought i'd never have to come to this sub again, and here I am. guess it'll haunt me forever",write me. write me about whats bothering you. sometimes putting all his worries in order is the best relief to start with,1,write me. write me about whats bothering you. sometimes putting all his worries in order is the best relief to start with|,0,0,0,1,1
553,9xw24b,e9w28ux,I hate apathy.. I feel so disinterested in everything. The things I am interested in doing costs money. I can't work due to physical and mental issues so I'm stuck waiting on SSI. It's annoying and kinda crushing.,"You sound like my kind of person. What are you making? Also hope you enjoy the H3H3 podcast, going to listen to it in a bit myself.",1,You sound like my kind of person.|,1,0,0,0,0
554,4oanqk,d4ayvhm,I miss you.. So much. Constantly. I just want you back.,Uhhh... who? Sorry I can't help you very much...,2,Sorry I can't help you very much...|,1,0,0,0,0
555,9o9p50,e7siiwt,"Self-compassion helped me more than anything. Something that helped to pull me out of my depression and calm my anxiety was learning about self-compassion. No, not self-esteem. I started reading books, looking up affirmations on Pinterest, and watching YouTube videos about it. I write down affirmations daily and absorb them. I honestly believe learning self-compassion is one of the biggest steps toward healing.","I agree. This is a good reminder. Thank you. I remember realizing that the way I treated myself was much harsher than I would treat anyone else. The best advice that helped me was to talk to myself as I would talk to a loved friend. I imagine that self compassion applies. We would show compassion to a dear friend, so we should practice that compassion with ourselves.",1,I agree. This is a good reminder. Thank you.|,0,2,2,2,1
556,4fa0vd,d27as3o,Just told who I consider to be my best friend at the moment that I'm feeling a bit suicidal. her response: smh  I'm so tired.,Agree with the other poster that some people think you're just saying it and don't mean it. I told my mother I wanted to kill myself when I was 11 and she told me to stop being stupid.,0,,0,2,1,0,0
557,66tonu,dgl91il,"Whenever I open up about my depression, and people are there for me and try to help me, I get defensive and feel even less worth.. Please don't tell me I'm the only one...",You arent I dont get defensive but yes talking about it to people make me feel like im burdoning them and then i feel even more like shit because im pushing my problems on someone else. Whats going on with you?,0,,1,2,1,1,1
558,77h5pe,dp6bdqs,"Thoughts on SSRIs. Hello, what are your thoughts/ experiences on SSRIs?","I tried various strengths of Zoloft. It did help a little, but only with certain symptoms for me. I'm also still in the process of getting a correct/official diagnosis though.",0,,0,2,1,0,1
559,815nk6,dv0rnsu,I have a project due tomorrow and nobody wanted me in their group. I'm either too slow for other people or my mind is too distracted to focus on anything productive.,same even though i said gonna do everything no one wanted me,0,,0,2,1,0,0
560,aun286,eh94dga,Is it okay to drink coffee while on anti depressants. I'm on ciraplex and it might sound like a dumb question but I just wanna know if it's okay to drink coffee.,I drink a cup a day on Prozac and I don't think I have any issues. It's more alcohol and marijuana that may have bad effects on an anti depressant.,0,,0,2,1,0,0
561,7cfodu,dpphmes,Cancelled all plans for tomorrow because depression got the best of me.. I just feel really terrible mentally and physically.,sorry to hear that depression has killed motivation to do daily activities. I feel the same way. Hope you stay strong! If you ever need to talk You can send me a PM.,1,sorry to hear that|Hope you stay strong! If you ever need to talk You can send me a PM.|,0,2,1,1,0
562,5ai0le,d9gl1xo,"I feel so trapped and alone, I don't know what to do. I just feel cornered and I have no one to turn to. Life is just really bad right now and I have no family to lean on. They're emotionally abusive and my dad doesn't even want me anymore. It's really hard when you don't have a solid foundation at home.",I'm sorry your situation at home is so difficult. Do you have anyone in your life whom you trust enough to talk to about how you're feeling?,2,I'm sorry your situation at home is so difficult.|,2,0,1,1,1
563,9i6urj,e6hn6nb,"Why does depression at times, feel Addicting?. Almost like a blissful state of *This isn't so bad* then, in time your slowly thrusted back into your numb colorless world","Cognitive dissonance: when thoughts and actions diverge, you change your thoughts to match your actions. In this case, the action is initial actions you take or take because of your depression. We want to justify why we did that, so we come up with reasons to explain the behavior in terms that are wrong but palatable.",0,,0,0,0,0,0
564,7klbxa,drf7fp3,Anyone else have a hard time this time of year? Looking for some help.. I have 2 kids and am having such a hard time getting into the Christmas spirit. The darkness makes me tired all the time and I feel like doing anything but going to bed.,Personally I hate Christmas and all the Christmas spirit crap.,0,,0,0,0,0,0
565,9ym9ba,ea381x6,WHAT IS THE FUCKING POINT OF MY EXISTENCE. getting real tired of this bullshit we call life,Do I really need to link Jordan B. Peterson?,0,,0,0,0,0,0
566,80guzt,duwjqen,"oh no. I'm scared that I'm slowly falling back into this. I've been ridiculously irritable these past days and I haven't left my house nor want to leave it, all I want to do is to just lay in bed and isolate myself from everybody. Also I'm feeling the sudden desire to fall back and stay in the hole???? which is something that happened to me when I was depressed af a couple of months ago, I don't understand what's going on.","Remember what your mother did to you the other night? That is what is going on, I imagine. Bed beckons but you won't find comfort there. Get out of the house, seek company. You won't be much fun but we are social animals, we are programmed to calibrate our mood meter with reference to others. Hang out with healthy people, your mood will lift somewhat. Isolate and it can go into free fall.",0,,2,0,0,0,0
567,9w80y9,e9ii5j5,First thought every time I wake up. Is how and should you kill yourself today. be a good sign.,I wish there was an easy way to die. Like one pill I could just pop. Unfortunately everything has to be messy,0,,0,2,0,0,0
568,7e3jb9,dq28014,I'm so done with life. I'm really tempted to just end it right now,"Don't do it. If I believe in most things science taught me is that dying would be the ending not only for you now, but for the future you that could have done something good and right. Don't miss the chance of doing something great in the future.",1,"Don't do it. If I believe in most things science taught me is that dying would be the ending not only for you now, but for the future you that could have done something good and right. Don't miss the chance of doing something great in the future.|",0,0,1,1,0
569,9lg6un,e76fbdx,"Once again, I can't get out of bed.. I want to change, but I don't know what to do, I feel powerless. It's happening all over again. What do you guys do in such a situation? I'm trying so badly to regain myself, but it seems impossible.","One thing at a time, get up, shower. Even if that's all you get done, it's the first step you have to take.",0,,0,0,1,1,0
570,8kpyhw,dz9ljuz,Do you ever feel like there is no future for yourself?. I've failed at doing many things over and over again for a few years. I honestly can't see myself actually suceed in anything in the future. Sometimes I feel like there's no point of living anymore.,"I don't think I've failed that much but that's because I rarely have the power to try anything in the first place. I have no idea where I'm going. I know where I want to, but it takes so much effort to get there and I don't know if I'll have that ability time soon. What happened that brought you to this point?",0,,2,2,1,1,1
571,7m6xzv,drsa6ze,Why the hell does something bad has to happen every time im feeling happy? Im not allowed to feel happy? Is that it?. Whats the point of being happy then? Whats the point of life?,"Exactly, every time something good happens life finds a way to ruin it. You help but think course this had to happen, I just have one good thing happen to me without something going",0,,0,1,1,1,0
572,80nry1,duy8mcv,whenever I'm happy I feel sort of out of place. Sort of like being happy isn't normal,"A lot of the time when I'm happy my brain goes hang on, this doesn't seem right. Hmmmm... ok. I got it. Lets think of how shit and disgusting you felt when you woke up this morning. there, that's better.",0,,0,2,0,0,0
573,8xm604,e244boa,"Just want one fucking night of decent sleep. My brain keeps torturing itself while asleep... this is like the 4th night in a row woken up in the middle of the night sweating and on the verge of a panic attack. The one tonight was about insecurity and not having the ability to stand up for what I was passionate about. Not that I want to but that I strong enough too. Idk why this always happens. My concious mind I can usually handle okay, but my sub-concious mind absolutely wrecks me. Anyone else deal with this or have any tips?","Don't know if it helps in the long run but apps with binaural beats might help. They worked the first time for me, but my body got used to it later on.",0,,0,2,0,0,0
574,97keuy,e48xfwa,"For 10 years I have been questioning why my sister, who was more alive and happy about life than I ever was, had to die first. I don’t even like living. Why am I still here?!. I just hate this. What a flawed design.",So sorry for your loss,2,So sorry for your loss|,0,0,0,1,0
575,70tzqg,dn5wm6b,I want to shoot myself. I don't want to die but I want to go to the hospital for weeks/months. And just lose contact with the world. Can anyone relate?,I had a choice of going to jail or being held for 3 days. I went to jail lol.,0,,0,2,0,0,0
576,7wrqdo,du2oncc,"Post-suicide Questions I Wanted to Ask. I started writing my letters today and I wondered how people would receive them if they were electronic. These letters arent really something I can handwrite in a timely manner without having the courage to keep writing. Do the police access the computer and shift through the belongings to find the letters or wouls I have to send them out myself to have them delivered? What happens to my belongings? If I lock myself in a nonshared dorm room and kill myself, how long would it take to find my body and who would be responsible for cleaning it up? Would it leave my family in debt? Would blowing my head off or hanging myself leave my body in a state where it's unusable for a funeral? I'm turning 20 in 2 months and I'm just too tired. Id like to finally be able to rest and not have to live a conitant life of fear and sadness. As much as I do not want to keep living this kind of life, I am too tired to keep pushing through any longer and I'd just like for my death to be somewhat feasible for my mom and sibling.","the thing, though, your death be feasible. Your mom and sibling would spend the rest of their lives wondering if it was something they did or said that pushed you over the edge, or thinking about what they could have done differently to be there for you. One of both of them would likely spiral into a depression of their own. I used to think that no one would miss me much if I killed myself, but always remember the sound of my brothers voice when he found me with blood pouring from my arm. That something that you can just get over. Even leaving notes really help the pain for your family. Also consider the suffering of the people who found you. It could be an RA or a dorm mate. They would be traumatized for life, with severe PTSD from seeing a dead, decomposing body. That point would be too late for you to do anything, so we try not to let it go that far. get me wrong, I know where coming from, and not trying to make you feel bad for would be wrong. And clear from the fact that even thinking about these things that you have some reservations, so build on that. Take every little good thing that happens to you and imagine never feeling that way again, and imagine robbing the people you love of those feelings as well. Forgive me for being brash, but there is absolutely nothing delicate or glorious about suicide. The people who experience it secondhand go through ten times the suffering of the people who commit it. Please, for the sake of a stranger on the internet who cares about you, think again. There is hope out there, even if everything seems hopeless right now.",1,"There is hope out there, even if everything seems hopeless right now.|",0,2,2,2,0
577,4dfcbs,d1qgikf,I'm going to stay overweight. Maybe it'll kill me faster.. I have no more motivation. I feel so useless.,I am in the same boat friend.,0,,0,2,0,0,0
578,5rz8q9,ddbc1bt,"If 1. You feel like shit about yourself but everyone refuses to validate your feelings and 2. You realize we are so insignificant in this universe.... Really, what reason is there to live?","If we weren't insignificant in the universe, would it make living more worthwhile?",0,,2,0,0,0,1
579,8dk85o,dxntn69,"Does anyone else hate socialization?. I don't enjoy social contact and try to avoid it when I can. I never enjoy hanging out with any of my friends. Does anyone else have this? Is it depression, bipolar, or social anxiety? Or could it be something else?",I don't but I wish I did :/,0,,0,0,0,1,0
580,43cpub,czha6qk,How is it that. Seemingly everyone here has parents that don't give a shit about them? I'm starting to wonder if my depression is really chemical,"Rather than seeing an entire population, you are seeing a narrowed down group based upon one specific topic. It may seem hat there are a lot of relationship and family conflicts posted about here because those are large factors in depression. There is no one cause to depression. It stems from a multitude of factors both biological and environmental. Past and present experiences, genetics, predesposed vulnerabilities, social connections, all play a role.",0,,0,0,0,0,0
581,6l85el,djrsbwr,i'm living in hell. hey how about we make some people in the world question everything and make them cry but let's never ever give them an answer to anything and let's make them wish they were dead and let's create horrible diseases and depression because we're fucking sadistic jerks! how about that. -life,Let there be struggles that people face so they can gain strength and have confidence when they overcome.- life,0,,0,0,0,0,0
582,6i2vgc,dj36fda,No one cares for me. I hate myself more than anyone I've ever met.,"Why do you hate yourself OP? We all make mistakes in life. But, we learn from it, grow, and hope to make better decisions moving forward. That's part of life. Is there something that's causing you to feel guilt, or shame? Hope everything turns out okay...",1,Hope everything turns out okay|,2,0,1,1,2
583,asfzaa,egu3uxa,Why people desire to have children. World is a nasty place. Life is terrible. Why would you let someone come through the same shit?,"I wanted to have a kid for selfish reasons, I wanted a reason to live and I wanted someone who understood me. I feel like no one in this world can understand me and therefore no one is willing to put up with me, if I had a kid I could raise them the way I was raised and they would have the same genetics as I so I feel like they would have a chance of understanding me. Also it's pretty much a guaranteed way of having a companion for 18 years, and if you play your cards right it's someone who will tend to you in your old age and sit with you as you die. All that being said you'll notice I used past tense wanted instead of want and that's because I got hit with several physical illnesses that make it near impossible for me to have a kid (or even take care of a kid) and even if I were miraculously cured tomorrow I wouldn't want to risk passing on these illnesses and causing someone to suffer as much as I have suffered.",0,,0,2,2,2,0
584,5a8qxx,d9ej9ru,My mind is stuck on a loop of the same negative thoughts.. Over and over and over and over and over every single fucking day and I'm fucking tired.,I feel you man hope things get more positive for you. Sending good vibes.,1,I feel you man hope things get more positive for you. Sending good vibes.|,0,1,1,1,0
585,8zrvzk,e2l1y77,How do you get through bad days?. having an exceptionally bad day today and having trouble getting through it. afraid this feeling ever go away.,"Write down how you feel, to get all your thoughts out. It doesn't have to be organized or creative",0,,0,0,1,0,0
586,5uji38,dduj5v6,"Does anyone else find it hard to do basic tasks?. For example my room is an absolute pigsty because I just can't find the energy to clean it, my laundry just keeps piling up, and I barely eat because I can rarely force myself out of my room long enough to cook.","Yup, everything is an ordeal.",0,,0,2,0,0,0
587,6nto55,dkc6iej,"Not getting out of it this time.. It is too much to handle and I'm going to embrace my relapse into drug and alcohol abuse. My goal is now to be as numb as possible at all times, while functioning somewhat in normal life. Trying in life is NOT worth it.",You may as well do what you want. No one gets out alive.,0,,0,0,0,0,0
588,4ssn7z,d5by51l,"I feel like I have to adapt to people?. I feel like because I have a caring heart, I can't show it and have to adapt to other people's cold behaviour. What do I do?","don't. This is just an advice, my way of looking at things. I believe that you are not surrounding yourself with the right people, but it's true that most of the times we don't really get to choose who we meet. Having a caring heart is nothing to be ashamed of, and it would be a pity if your kindness gets lost in the midst of the crowd just because you want to fit in. There are a lot of people like you, that I can assure you, so as long as you are at peace with your thoughts and with who you are I'd suggest you should keep on being yourself. Take care (:",0,,0,0,2,2,0
589,5dmcm1,da5pjve,"I keep myself so busy and try so hard to make other people happy.. Because I know that the second I stop for too long my brain will realise that I'm not really happy. I'm exhausted all the time, but I can never stop because I'll never be able to start moving again.","I think I can only live if I keep myself happy. If I relax, the nightmares come ... :(",0,,0,2,1,1,0
590,6z9pg5,dmtkkm9,Introvert male who needs to vent sometimes and would love new friends. Anyone else has problems being inside their head and overthinking,"Whenever my one friend who I text is taking too long to reply or has more attitude than usual, I assume that she's either busy talking with people she likes more or just gets fed up talking to me. When my neighborhood friends haven't come to hang out for a while, my automatic thoughts are that they're at another friend's house or at a party having the time of their lives while I sit in my house doing nothing. And at family dinners and birthdays where everyone's happy and getting along, I constantly get the most dark and sickening thoughts in my head that I avoid letting out by ignoring everyone around me. Life sucks :(",0,,0,0,2,2,0
591,9e1e15,e5lfye8,Can’t do it anymore. Too much going on in my head.. I handle it. I just want this to stop.,"Can you talk about whats going on in your head? Maybe if you get it out, it will be a little more sorted? I'm sorry it's so overwhelming right now. Someone loves you, they just don't know how to show it the right way, right now.",2,"I'm sorry it's so overwhelming right now. Someone loves you, they just don't know how to show it the right way, right now.|",1,0,1,2,2
592,9h39qv,e69by8s,I've skipped class 4 times for this whole 2 months. Really try to go but i just cant sometimes,"If you only had one MWF class, think about it. Say you get really sick one week. You skip that class all week. skipped THREE DAYS in a much smaller time period. But realistically, missed 3~ hours of instruction. not something too hard to come back from. beat yourself up.",0,,0,0,0,0,0
593,7999cv,dp05jq0,"It's my birthday today but I feel really fucking lonely.. I have great friends and family that greeted me well wishes and stuff, but I still feel like complete shit. Suggestions?","Happy Birthday, you could try suggesting to your friends/family to play some board games or card games, if you aren't able to do anything with people then you could try mediating to some sounds of the ocean or watch some videos about baby foxes.",0,,0,0,0,0,0
594,4hsz6x,d2s2mg5,My life means nothing. I'm going to kill myself soon.,"I can't possibly step inside your mind right now and know the right thing to say, but I'm just here to say that being alive is the most, only meaningful thing in the universe. The Stars wouldn't be beautiful or bright if there were no eyes to see them. The universe is so big it is easy to feel like a speck, but there is a universe *inside* you as well and you have the power to create one, you are so much more than a speck, you are a light that's the only metaphor I can think of but it doesn't quite capture it",1,"I can't possibly step inside your mind right now and know the right thing to say, but I'm just here to say that being alive is the most, only meaningful thing in the universe.|there is a universe *inside* you as well and you have the power to create one, you are so much more than a speck, you are a light that's the only metaphor I can think of but it doesn't quite capture it|",0,0,1,1,0
595,7dd6ep,dpwtm4e,Help. Can anybody recommend a drug that takes you away from reality for a certain period of time? No LSD or anything. I've been thinking about weed but is that actually helpful for depression?,Weed seems to help my anxiety which helps my depression overall,0,,0,2,1,1,1
596,8f8qqe,dy1jo3s,"I give up. I’ve accepted the fact that my depression and anxiety will never be gone for me. I will live with this shit for the rest of my pathetic life.. No matter what good thing comes into my life, those things will always manage to ruin it.",I'm sorry. I wish I could help. I feel the same way.,2,I'm sorry.|,0,0,1,2,0
597,4z4hp6,d6ssx6a,"Does anyone actually ever go to their high school reunions?. I couldn't imagine anything worse, not even hell itself.",haha when I come back home I never even go out into my home town. I can't tell you how severe that problem is - if I met an old friend I'd black out...had a dream it happened...it's awful. That's the social side - could you imagine the questions?? What are you up to; what do you do etc. FUUUUUUUUUUUUUUUUUCK that,0,,0,2,2,1,1
598,9fdjrt,e5vod0k,"I just want to know who I am. I wanna peel and scrape away the layers of skin until I find myself... Nothing feels real anymore. Not even things, food, alcohol, places, people or parties, fun videos or the small things. Nothing comforts me anymore. Anyone else stuck in this way of thinking?","Yes, tried to commit suicide before. I know how you feel, as if trapped in a concept, and you feel numb, or no reaction to anything. a hard time to go through and really nothing you can do, except love yourself.",0,,0,2,2,2,0
599,5rr4wk,dd9h494,I don't know anymore. I feel so empty that this is all I can explain,That's a familiar feeling. Talk it out. What's up?,0,,1,1,1,1,1
600,5wtgcl,ded0uva,I think God laughed the day he put me on this Earth.. Depression is the cruelest punishment of all.,"He's laughing at all of us, that sick fuck.",0,,0,0,0,0,0
601,8e130v,dxsbiec,"I can't accept that anyone could ever love or care about me. I'm so lonely. I've been feeling awful because I just can't stop losing people in my life. No matter how hard I try, I'm always forgotten, abandoned, and replaced. I don't have any support at all. I'm tired of being lonely, and being lied to.","I feel the same. For years of isolation, now I don't know if I ever will find someone to love me, talk to me.",0,,0,2,1,1,0
602,4s4ym0,d56j0ne,Everyone's tired of me. why do I even bother for them,"I understand your pain a lot as I am in a similar position. Don't bother for anyone, but yourself. Focus on you, you and only you; forget about those who bring negativity to you.",1,"Don't bother for anyone, but yourself. Focus on you, you and only you; forget about those who bring negativity to you.|",0,2,1,1,0
603,8um7nn,e1hr93o,"Do you remember who you were before your depression?. I don't. Everyday I'm just left wondering who I really am, feeling like a fake.",Before depression I played a lot of video games and was happy. After depression I play a lot of video games and am unhappy.,0,,0,2,2,0,0
604,8jo5vw,dz179u4,Think of all the reasons you have to live!. 1. My parents would be traumatized if I killed myself That's it. That is the single reason I have for living.,I hate being told that. Do people think we haven't thought about it before?,0,,0,0,0,0,0
605,4o43ko,d4acmqf,"I have never met any one thats depressed.. I wonder if we are all really good at hiding it, or just bad at noticing other people who are depressed. also what are you guys doing this summer? stay inside and hide as per usual?",I met my mother and some trans people.,0,,0,0,0,0,0
606,8bnsey,dx93pfq,Depression has made me a shitty person. People try reaching out to me and an asshole about it. I used to be pretty nice and genuine but I just know anymore. Why it just be over.,Same here. Depression made me into a miserable bitter piece of shit when I used to be humble and kind to everyone.,0,,0,2,1,1,0
607,4vjbxw,d5yv2yi,"Can I even consider family as family anymore?. I tried hanging myself a 2 weeks back, and my parents just stood there and watched. I failed, because the hook I attached the rope onto in the ceiling detached and I fell. My parents laughed and went to sleep a few minutes later, while I stayed awake the entire night. Can I even consider them family anymore?",Is there anywhere else you can go? A shelter or a friend's house or move in with a sibling or something? :(,0,,2,0,0,1,1
608,68rigt,dh0rhza,.... Why did you make my friend kill herself,I am sorry. I don't know what to say.,2,I am sorry. I don't know what to say.|,0,0,0,0,0
609,9jg6fy,ebd3wmb,"Happiness evades me.... No matter how hard I try, i just feel happy. Each day is the same repeating routine, even when I change it, I still feel like deflated.",This was two months ago. How are you now?,0,,2,0,0,0,1
610,9ydfvf,ea0t0d6,.. Every day I take a step away from the old me. I want her back.,I can't decide if the old me is worse than the new me. At least back then I was more oblivious.,0,,0,2,0,0,0
611,8oe8ku,e031zmb,I finished a 6 hour motorcycle ride between two states.. Why didn't I get hit?,a motorcycle ride sounds super cool. i can't even force myself on my bike.,0,,0,0,0,0,0
612,5udu49,ddtar8i,"Feeling dead inside. For the last 1-2 weeks feeling nothing inside, like most of the other people, dont know what to do. Thoughts in the middle of the night well, i might die, i dont have what to live for. Literally void of nothing, black space.","As someone who's felt the same, what do you have? And I'm speaking objectively, because I typically don't want to admit that I have what I need when I feel as you do. Not that I'm saying that you do have a lot, but your post doesn't necessarily shed a lot of light on what's going on. It's easy, or it has been for me, at least, to say that I don't know what to live for, in the past. Somebody out there cares, man/woman, small or large. I don't know what your situation is, by your post, but feel free to message me if you want.",1,feel free to message me if you want.|,1,2,1,1,1
613,94yi92,e3p15jo,"I finally feel alive. I am in ecstasy, so much that tears started rolling down my eyes. I haven't felt like this in a long fucking time. I don't want it to fade, how can I keep this feeling?","Please, break out a diary and just write down every detail you can about how you feel and what you're thinking, if you still feel good, it'll help later.",0,,0,0,1,1,1
614,5eqh4o,daeufxi,I want to kill myself. I really do... idk how... I don't want it to hurt but anything has to be better than living a hopeless life owned by someone else,"Please dont, you arent alone. There will always be someone who will miss you and wont be able to forgive themselves for not preventing it",1,"Please dont, you arent alone|There will always be someone who will miss you and wont be able to forgive themselves for not preventing it|",0,0,1,2,0
615,7savx4,dt3cdvs,i feel so alone. no one would care if i died,"I joined here about 5 days ago, because I feel so close to the people here. like my family in a way. I know that sounds weird, but my point. I have depression, and feel alone as well. I feel like what I say matter, and no one listens to me. I do my best in something, and all I get in return is absolute shit! It pisses me off. I feel different as well, like not in the same league as everyone else. a quiet person, and am pretty shy around girls because not sure what they think of me. I think what you need is some independence :) It will make you happy, because that way not around people. I know it seems ironic because then be even more alone, but just pay attention to anyone. Be your own boss, and think of everyone else as just empty space. Think as is it matter what they say. Be a shield. let anyone get in your way. here on Earth, be here for a reason. The reason you feel lonely is because of people. Think about it.",0,,0,2,1,1,0
616,450qzs,czugabg,"Do you guys ever imagine yourself killing a 'version' of yourself that's all the things you hate in yourself?. like not killing yourself in a suicidal way, but imagining pushing the depressed-self/the part of yourself you hate off a bridge or building or strangling them? Is this like...self loathing or something? is this normal in non-depressed/mentally ill people?","Sometimes. Though I hate to admit it, but a lot of the time it ends up being me imagining myself as the 'depressed me' with different hair and a more callous personality and the 'good me' is already gone. I don't know what that represents about my own mental state, but oh well",0,,0,2,1,1,0
617,63b1w4,dfsoqh6,so hopefully with me not drinking i will get better. maybe my paxil will work.. maybe not who knows,"Iam hoping for the same thing. I make stupid decisions when I drink. It was a great coping mechanism for my thoughts. Except, it actually wasn't. I have relapsed several times. If you are like me and make questionable decisions when drunk then at least that is how your life gets better. It is just getting to sobriety takes effort.",1,Iam hoping for the same thing|,0,2,2,1,0
618,9jsg7j,e6twq63,I brushed my teeth for the first time in two weeks. I also put beard oil and moisturizer on for the first time in a month. My gums bled lol I feel clean for. once,It's all about tiny victories!!! Keep going my friend :),1,It's all about tiny victories!!! Keep going my friend :)|,0,0,1,1,0
619,9lihrg,e77foo0,"I just want a hug.. That's all, humans like human contact and all that.",I would love to hug you irl ;_; *hugs*,1,I would love to hug you|*hugs*|,0,0,2,2,0
620,54iiep,d825rtj,Why do I feel good right now?. It has been years since I actually felt joy where I wasn't worrying about something because of my constant anxiety. It feels surreal and I want to hold onto it but I know I will feel like shit tomorrow again.,"See if you can build on it. Maybe go out and do something you've never tried. I know i'm not the one to talk because I don't go anywhere haha. But since you feel good, it might be worth trying something new and building on it?",0,,0,0,1,1,1
621,aflwia,ee01rhl,"What mindless activity do you use to cope?. Hi everyone! I'm having a bad day, which is thankfully rare these days. I don't want to sleep or binge eat and need a healthy replacement. Something along the lines of knitting where I can sit down and be using my hands while listening to podcasts.","I usually revert to things I loved doing before the depression, like getting on the computer and playing Rollercoaster Tycoon.",0,,0,2,1,0,0
622,5ighoi,db7zxnl,"Physical Pain. Been really down lately, it hurts to simply laugh.",I'm sorry to hear that. If you are able to you could channel that sadness into a drawing or poem or something like that. It might help a little.,2,I'm sorry to hear that.|,0,0,1,1,0
623,9wayeq,e9kbfxj,I wish I was dreaming. I wanna wake up from this horrible nightmare,"That is actually true. It is not going to be easy. Sometimes you will feel down, like not achieving anything. Sometimes you feel like you are in the road you want to be. But all up to you. You are not alone in this road. Everyone goes through same shit.",1,That is actually true.|Sometimes you feel like you are in the road you want to be. But all up to you. You are not alone in this road. Everyone goes through same shit.|,0,0,1,1,0
624,7mc1l7,drt0iu3,"Looking how happy everyone else is in my instagram feed males me sad. Why can't I be like them. Honestly I'm just a gloomy, worthless, piece of shit who shouldn't exist.","You realize people's instagram feeds are manufactured to just show the good side of things right? People only show when they're happy or when they appear to be happy, but in reality they might be just as miserable as you. It's all fake.",1,"You realize people's instagram feeds are manufactured to just show the good side of things right? People only show when they're happy or when they appear to be happy, but in reality they might be just as miserable as you. It's all fake.|",0,0,0,0,0
625,9960jm,e4lkbta,I don’t want to be dead. I just want to be here.,"kinda how I feel. actually scared to die, but hard to live. What keeps me going is that one day just sleep forever and whenever that day comes it keeps me at peace. I gotta go now. My time will come and I have to stress or worry.",0,,0,2,1,1,0
626,5czuz2,da0tx92,"How does everyone feel about relationships/dates?. I feel like i make the biggest joke of myself ever, i tend to just get too clingy because i finally possibly found someone who likes me and i just tend to go overboard, do any of you have the same problem?",I don't feel a connection with anyone. After a while I always end up hoping the date will end soon so I can be by myself again cause it doesn't feel right :s,0,,0,1,0,0,0
627,89u0gy,dwtj8fi,"Serious (slightly) nsfw question.... I swear, not looking for anything lewd, etc... but am I the only one who gets horny when a depression jag hits? I have no idea why.. and it winds up making me feel even worse.. but it happens more often than not.",I think that's pretty common actually. I'm very much the same way.,0,,0,2,1,1,0
628,7rt4nt,dszdi9l,i lost a 1v1 and now i fell like commiting suicide why?. why am i like this i really need help after i fucking lost i just deleted every friend i had on discord and steam why? fucking why am i like this how do i help myself (im fine witht his getting no replys i needed to vent),"I feel you. I just lost a battle on HS because of my stupid wifi connection and makes me want to die. Why am I so unlucky? Why always me and not others? I mean, it occasionally happens, but I struggle even on videogames now. It feels so fucking horrible to not be good in what you used to be good. Depression sucks. I feel you.",1,"I feel you. I just lost a battle on HS because of my stupid wifi connection and makes me want to die. Why am I so unlucky? Why always me and not others? I mean, it occasionally happens, but I struggle even on videogames now. It feels so fucking horrible to not be good in what you used to be good. Depression sucks. I feel you.|",0,2,2,2,0
629,a8dbcu,ec9qoe6,i want die. i will probably give myself the die soon idk,or you can just waste your life instead,0,,0,0,0,0,0
630,97mi51,e4b1lb5,"I feel like no matter how happy or how good a situation is, in the back of my head I can’t feel happy.. After a while I recede back into my depressive shell and I honestly wish I could escape from it. And yet the only thing I feel that could stop me from feeling this way was if I was in a grave.",LOL I feel like this every fucking day. No matter how good the situation is I always know that not shit and ever be to myself or anybody and happiness is only temporary. definitely not alone.,0,,0,2,0,0,0
631,5xtiuf,deksirk,My parents are getting a gun for home defense and I don't trust myself. I don't have the heart to tell them how I feel but I'm terrified of what I'll do to myself. Lol what the hell is wrong with me,They should definitely get a safe that only they can access. No problem then.,0,,0,0,0,0,0
632,7d1rrb,dpuf9hd,"Just failed a suicide attempt. I feel as though I have nothing else to do at this point, I don't think I'm ever gonna get anywhere in life and I'm just terrified of the future","I feel you man. I attempted suicide 3 times last year because I see the future really getting better, no matter how hard I try. why I hate when people say gets better, not because a raging pessimist. I hope this makes you feel at least a little better",1,I feel you man.|I hope this makes you feel at least a little better|,0,2,2,2,0
633,7xtcg2,dub1v3k,I am alone and I feel like nobody likes me. I just want a partner,Yea. Sorry. I know how you feel. feeling very alone today.,2,Sorry.|,0,2,1,1,0
634,5z6eaa,devm46q,Lack of sleep. Did the time change affect anyone else's depression negatively?,Yeah i feel a little disoriented but in a good way lol,0,,0,0,0,0,0
635,4s4d2c,d56i6ya,Evil All Along. I feel evil on the inside and I feel like while I want to make the world a better place the world would be better without me.,You don't sound evil to me. Why do you have such a negative opinion of yourself?,1,You don't sound evil to me. Why do you have such a negative opinion of yourself?|,2,0,0,1,2
636,67veeg,dgu9qo4,"Anyone else has problem trying to fall asleep?. I have problems trying to fall asleep. For example i come back from work at night, and then I lie down in my bed when I feel sleepy and I start thinking about my life and i get angry,and sad and I end up lying in my bed for hours litterally being sad. I slept just 3 hours last day,i aam feeling really tired but i can't close my eyes and sleep instead i am drinking beer and waiting for the night to come. Maybe I will sleep then?","When I first began to feel miserable and anxious all the time, had insomnia too. Some nights I wouldnt sleep at all. Today I don't get good sleep, however I sleep enough. The thing is that I feel much worse now than I ever have in my life. But my insomnia is not as bad any more. How does this make any sence ??",0,,0,2,2,1,0
637,53yfdc,d7xc5vw,Learning disabilities.. How do you guys feel about people with learning disabilities?,"They're no different to anyone else, they have their own battles to overcome just like we have ours with depression, etc.",0,,0,0,1,1,0
638,8ulvwq,e1glz6w,did anyone's depression start from a single life event?. i know it's supposed to be chemical imbalance but,yes I distinctly remember being very happy until people started bullying me for being gay. the feelings of emptiness and shame closed me off from normal development and have never left despite years of therapy. this eventually turned into chronic depression and failed relationships. straight men who proudly make gay jokes as if its some disgusting or abnormal thing to be avoided and mocked while they feel open and free to express their own sexual experiences have blood on their hands.,0,,0,2,2,2,2
639,3vy7la,cxrrr7s,"Have you ever.... Have you ever been in so deep that you desperately start looking for feely context on the internet in the hopes something makes you cry, but even the worst doesn't do it for you since you are just so numb?",Yeah i have. I spent a lot of time last year doing that to no avail. Still just as numb and dead inside as i was before.,0,,0,2,2,1,0
640,9kw2bx,e727yjp,help. hey how do i shoot myself in the head without a gun thanks,"Shoot yourself in the face with kindness. Go and treat you some motherfucking chocolate and some fucking videogames and calm the holy fucking fuck down. This was a lot of fucking swearing but even fucking think about killing your damn self. You will leave some fucking people who will for fucking fuck sake miss you. So - as as friendly reminder - please kill you! *You* *matter* ! Never ever think about this again or even post this shit. I want you to stay alive and fucking nail it! You can do it, buddy!",1,"I want you to stay alive and fucking nail it! You can do it, buddy!|",0,0,0,1,0
641,46qwzw,d076i8t,"It's my 18th birthday, everyone is congratulating me and to be honest I'm surprised I've made it this far.. Everyone wonders what I want to do with my life and I have no idea. The reason I have no idea is that I didn't think I'd still be alive today. I thought I would have ended it by now. Happy birthday to me",Congrats on your birthday. I've never thought as well that i might see my HS graduation this year.,1,Congrats on your birthday|,0,2,1,0,0
642,767hfz,doc0rzx,Wish I was dead. The alcohol used to numb the emotion. It doesn't anymore.,Do something to take care of yourself please. Just something. One thing.,1,Do something to take care of yourself please. Just something. One thing.|,0,0,0,1,0
643,7renxa,dswciar,Do what makes you happy. Such dumb advice when nothing makes you happy anymore.,what in the past has made you happy? What do you know about your basic dispositions and functions as a human?,0,,2,0,0,0,1
644,8lwvzk,dzj1g3n,"Shower Thought. The number one point of life is to live,so if you're still here,you are doing it right. (something i tell myself when I feel down)",You have a long shower to on bad days. My mind always starts thinking a bunch of things too.,0,,0,2,1,0,0
645,41g07l,cz26vua,Wish I was never born. Not looking for attention or advice to look on the bright side just hoping to get some perspective on how I feel. And maybe what it means psychologically to feel this way. All of my life I've felt like the black sheep. I never fit in anywhere really. I wish I was never born. I feel like I haven't impacted anyone's life and if I did it was negative or non existent. I should feel like I have a purpose. I have been married 6 years two kids later but even then if I died tomo who would care? How would the world be different. I just spoke to my husband about(hoping to maybe get some comfort in knowing I impacted his life for the better?) this was his exact words were yeah well I see how you could think that that was it. It broke me and felt like it validated my point. This life feels life a prison. It feels worthless and sickening to know no matter where I go it does t really even matter. How many others feel this way????,"Yeah, I resonate with a lot of what you're saying. It's only on a place like here or a depression support group that you would find others that feel this way. Let me ask you this: what do you find joy or distraction in? Tell me everything you have tried.",1,"Yeah, I resonate with a lot of what you're saying. It's only on a place like here or a depression support group that you would find others that feel this way.|",2,1,1,1,1
646,8v72j0,e1qzyai,I know I won't do it but... I've been thinking about downing all of my lorazepam. Ive been searching painless ways to kill yourself. But my lorazepam keeps beckoning me. Im afraid it will fail and I may end up with severe brain issues. I have about 90 pills. 1 mg each.,It won't kill you...if you need someone to talk to reach out to me. I go through the same shit,1,It won't kill you...if you need someone to talk to reach out to me. I go through the same shit|,0,0,1,1,0
647,7h6jiq,dqp4zz9,4mg xanax goodnight everyone. Hopefully at least get through the night this time without waking up.,Feel you bro... Wish I had some xanax to go numb..,1,Feel you bro.|,0,2,1,1,0
648,9e9s5b,e5nbrzp,I want to commit suicide so bad. And I think I just might pretty soon. I can't take another night of this. I just want someone to care.,I'm sorry. You have no one to talk to?,2,I'm sorry.|,2,0,0,0,1
649,6voxju,dm1xsn5,"I'm so fucking tired.. I want to hurt myself, but I literally don't have the motivation to get out of bed to do that. So, yay I guess?",sorry. one of the shittiest feelings.,1,sorry. one of the shittiest feelings|,0,0,0,1,0
650,7rvaaz,dszwd0k,I just want to not want to kill myself for one day. Is that too much to ask?,"Like when are waiting in line and waiting, waiting.....when is my turn.",0,,0,2,0,0,0
651,8c9qxh,dxd6ec9,I don't think people understand how it feels to want to to die every minute of everyday.. And that sleep is a substitute for it.,"Inactivity is the cause for depression and depression causes inactivity. Seek to get out of your cycle, bit by bit.",0,,0,0,0,0,0
652,85jcgz,dvz2mgn,Who else comes to this sub just read about other people problems?. I hope life gets better for everyone.,This sub is the only thing I can relate to,0,,0,2,0,0,0
653,56ka28,d8jzt1o,Self destructive after a night out. How come im at my most fuck everything mood at the end of a night out??,Did you hang out with other people? Maybe you're introverted and after being around people for so long you get so mentally drained that you just don't care anymore at that point of the day? Just a guess of course.,0,,2,0,1,0,1
654,8uhkiz,e1fiaj7,"Been feeling low a lot lately. Anyone else just lose all motivation to do anything? My depression has sucked ass lately and I been taking the best care of myself lately. Lost weight, feel exhausted all the time, lost interest in just about everything too","Take small steps. Indulge in little things that make you happy (or at least used to make you happy!), such as food, or some nice tea. When you consume those, try to focus on the taste, on the pleasant feelings. It's just one example, it can be something else. A walk around the neighborhood maybe. A nice bath. Etc. Generally speaking, be kind to yourself.",0,,0,0,1,1,0
655,5mnw3d,dc50cb0,the weekends suck always alone...... I have no friends..no girlfriend and I always have to be the one to reach out im done i have had my phone off all day prob gonna have it off for a whole week and longer.... I need to focus on myself.,me too man. it's like death,0,,0,2,0,0,0
656,6gei2g,dipuoh6,It hurts when even your mother says don't make up an excuse in regards to your depression. as if depression is not real,"Is it an excuse if it's true? Depression, I mean.",0,,2,0,1,1,1
657,8dvtac,dxqg7m9,"im so fucked. im totally fucked,my depression is so bad,i cant even open my eyes.",Hey buddy you are not alone. I spent a day where I literally didn't so much as sit up in bed a couple of weeks ago. Didn't eat or drink anything so I didn't need the bathroom which was good. I'm not at a point where I have any advice to give or anything but maybe you can find some comfort knowing that other people feel the same as you.,1,Hey buddy you are not alone.|,0,2,2,1,0
658,6xcakf,dmexip5,"I've always been told that I'm a horrible liar, yet somehow I am able to fool everyone into thinking I'm okay.. I just wish somebody would notice that I'm really not.","Same here man. I hope your life gets better and that your day is fantastic, you really deserve it. I know that it's a struggle because I go through the same thing every day - do you ever laugh but feel like it's just not reaching your eyes anymore? That's me every day. I can't say that it 100% for certain gets better, but it COULD get better and that's what really motivates me every day.",1,"I hope your life gets better and that your day is fantastic, you really deserve it.|",0,2,2,2,1
659,5w9ss0,de9md4v,Does anyone else feel extremely lonely despite having friends and a loving family?. and when drunk I try to get as much attention as possible to feel special :/,"Yes. My friends are...not reliable. They mean well but they unintentionally exclude me out of things. I can't help but feel unwanted/filler. My family loves me, but they always treat me like I'm baby. It's becoming more dehumanizing and irritating everyday.",0,,0,2,2,1,0
660,6twfmr,dlo34zr,How toxic is it. Can you die of muriatic acid?,"Oh shit man please fucking don't. Firstly death by acid is more painful than having your DNA ripped apart by radiation. Secondly, explain your life situation to me and we can talk, I'm here for you",2,Oh shit man please fucking don't. Firstly death by acid is more painful than having your DNA ripped apart by radiation.|,0,0,1,2,2
661,5fun0r,dan7j10,"Goodbye. Edit: still alive for now, because of you guys ^^","I wonder if there is actually a part of you that hopes that ppl do care, do worry about you, but your scared of hurting others, cos thats how i feel",1,"I wonder if there is actually a part of you that hopes that ppl do care, do worry about you, but your scared of hurting others, cos thats how i feel|",0,0,2,2,2
662,75a8cd,dok5ixf,It'll get better!. Said countless times when it only seems to get worse.,"i feel you m8.. been clinically depressed for like 4 years now, it sound long but it feels like been forever. depression be cured. it can be treated. there are so many neurotypicals that try to tell me i will get better, but thats the only way they know how to comfort people i guess.",1,i feel you|,0,2,2,2,0
663,a9x93n,ecoeubw,I feel so sad. Can anyone cheer me up? Please,"Be strong my friend, Everytime I come in here, I don't feel so alone. This may sound selfish, but it's good for me to know that there's people out there that feels the pain that I feel every single day. Anyway, have a great day, my friends.",1,"Be strong my friend,|",0,0,1,1,0
664,5iib18,db8ndbk,"Waves of melancholia ebbs and flows( how to stale the ocean of depression). Can someone out there help me in these dire times . I've been havin beautifully tragic dreams of my past. And i awake fine frm them feelin slightly sore, as one will . And once again I near the nighty times where darkness cover my eyes and nearing slumber I start wanderin near the ocean I speak of above. The wave hits me cuz I walk too close to it ig but I promise u its involuntary my being there. The caustic impotable wave suffocates me so can some distract me with smth important , like deportable Mexicans who need help Or trump and his mighty tower and how it will fall and we shall clap . Anything , even pennies or peniseseses . There was sort of a beat to what i wrote It helps me to cope with my shit So plz Don't diss Ull miss Cuz I'd be alr dead In any case discuss","You can't stop the waves, but you can learn to surf.",0,,0,0,0,1,0
665,5tdc9p,ddrsyds,"I feel like no long-lasting couples are ever happy. All of the married couples I've known (Parents, grandparents, family friends especially) Never seem happy. Maybe I'm just unlucky to be constantly surrounded by people who hate each other, but have to stay with each other because it's taboo to divorce. Thoughts?","I agree with you. the divorce rate is what? 50%? It makes me think that half all people realize they made a mistake, while the other half are split between being ok with things or too chickenshit to divorce.",0,,0,1,0,0,0
666,aixrcx,eetcco0,What should my 2 hobbies be?. I know who I am anymore or what I want to be.Choose **1.** Photography **2.** Make Edits **3.** Animation **4.** Drawing **5.** Rapping **6.** Learning more English words What should my 2 hobbies be? Edit:I am an Outcast with no friends &amp; depressed,"Photography, definitely. It will get you out in the world and expose you to so much in your pursuit of beauty and aesthetic. I don't know what you mean by make edits, so I can't really recommend that. Drawing might also be fulfilling for you, especially on rainy days when you don't want to go out with the camera. Although be warned, it can be extremely frustrating when you can't just translate your mind to the paper and are stuck building rudimentary skills.",1,"Photography, definitely. It will get you out in the world and expose you to so much in your pursuit of beauty and aesthetic. I don't know what you mean by|",0,0,1,1,0
667,9ezsfi,e5t9a2t,I'm done saying I love you to her because I don't want to hear a lie back to me. I feel so ugly and unwanted and unloved,"Do you have any friends that aren't always going to blow sunshine up your ass or a therapist? That you can talk to about how you feel that she treats you and get like... An unbiased opinion? You've mentioned elsewhere here that you may have been over reacting. I know that I struggle with recognizing when I'm justifiably upset vs letting my depression's self hate mode move on to the other things I care about. Being depressed should be proof enough in itself that feelings can't always be trusted, or listened to, or followed, even if they're obviously there.",0,,2,0,0,0,1
668,a280dv,eaw8oox,I'm Really Fucking Sad. I'm angry and tired and I want a friend. I cant reach out to anyone. I've tried and it always ends up worse for me and the other person. I'm just really really sad.,"hey, do you need someone to talk to?",1,"hey, do you need someone to talk to?|",0,0,0,1,1
669,7edbtz,dq4c90r,Sometimes I know that I am doing something that will make my depression worse but I just can't stop!. Over eating not making plans with friends ETC ETC,"Oh crap dude me too... I keep lying in bed all day and binge-eating junk food (like, an entire bag of hot cheetos and then more) and l always end up feeling even worse after but l can't stop.",1,Oh crap dude me too|,0,2,2,1,0
670,83egk6,dvhm6be,"Haven't had a genuine hug in years. It wouldn't fix anything, but it'd sure help a lot.",I haven't had human affection for 16years.,0,,0,2,1,0,0
671,5an2jz,d9i1i2r,"What is your reason for living? Not your reason for not killing yourself, but your reason for living. I hope the distinction is clear.. I want to hear your ideas cause im all out","I struggle to find one at times honestly. But I just keep putting one foot in front of the other kinda hopin that one day I will wake up and it will all be alright. However, each day that passes that hope that everything will be alright dims just a little bit more.",0,,0,1,1,1,0
672,54va03,d85glk6,"I was just going to sleep.... ...Now I'm here crying because of a dream that I have every fucking other night that involves my head and a shotgun. I'm fucking tired of this dream, man... I wish it'd stop.",Talk to your doc about Seroquel. I got it for falling asleep but it did wonders for my dreams. Then again I usually have decent dreams to begin with.,0,,0,2,0,0,0
673,5igf3a,db7zfxu,A girl I like asked me what I do when I'm not working or at school and I didn't know what to say.. I stumbled pretty badly and struggled to make something up. I hate myself. Now she knows I'm a loser.,I just say video games. At least it's a thing.,0,,0,0,0,0,0
674,a4r2uw,ebgynqx,"Anyone else just want somebody that you can trust, and just open up to them completely?. Im hiding so much from my friends and family because I don't trust them enough and I haven't really opened up before. I like to go to bed thinking about just having someone to express my feelings to.",I had a therapist for a few months. It was nice to have someone who legally can't tell anyone anything you tell them.,0,,0,1,1,1,0
675,afsntr,ee15kbb,Had a shitty day. Fuck winter. Fuck snow. Fuck life.,It's okay to have a shitty day. It's allowed to defeat you occasionally. What happened?,1,t's okay to have a shitty day. It's allowed to defeat you occasionally.|,1,0,1,1,1
676,79060d,doz7fpv,I’m lonely but I hate being around people.. What the fuck is wrong with my brain.,"Just wait, the sex robots are coming.",0,,0,0,0,0,0
677,4wh9fy,d6gbq74,"Couldn't go through with killing myself, where do I go now?. As soon as i starting breathing in water, I decided I wanted to live. Now I'm here. What am I supposed to do with this meaningless existence? I try and try and try. I work hard at everything. It doesn't seem to matter, there is just a void always looming every single day of my life. I don't want to live, I don't want to die. Maybe Earth really is hell, except there is no heaven.",isn't this me in a bubble,0,,0,0,0,0,0
678,8fqm4v,dy5nole,A hundred feet under water and almost out of breath.. Aka that feeling of impending doom combined with complete isolation.,i just wish there was something we all could do..,1,i just wish there was something we all could do..|,0,0,0,1,0
679,ah7r9d,eec4mha,I have no clue. The fact that I have no one to communicate my problems and mental harm with on a personal level should crush me and leave me crying but I'm just empty and frustrated.,I feel the same way and I guess kind of teach myself to just breakdown and cry when I get too overwhelmed with those kinds of feelings,0,,0,2,2,2,0
680,6tsj3h,dln6ciz,"Literally no friends. I don't know how to interact with other people, I don't have a single friend, and humans can't live like this. Seems like people can just smell the depression and anxiety on me and they stay away. Wish I had the courage to end it.","Have you tried exploring out of your circle of people? I've had trouble making friends too but I found that when I put myself out there by taking a part time job or some sorts, I ended up meeting new people who aren't all that bad actually. As to the depression and anxiety, have you seen someone for that?",0,,2,2,1,0,1
681,72a8dp,dnh0bny,When your friends all abandon you and you forgot what it's like to bottle everything. Having to go back to sucking it up and holding everything in and not having anybody to turn to hurts so much. Especially when I was used to somebody caring about me. That's what happens when your just disposable I guess.,"I am as well. The person who meant most to me threw me out like I suddenly meant nothing, and replaced me. He's happier now too.",0,,0,2,2,1,0
682,44iwr2,czqj1sg,Made a failed attempt last night. Nobody cares either. Guess I didn't do it right.,The 211 people online right now care. That's a fact. We're all here for one another.,1,The 211 people online right now care. That's a fact. We're all here for one another.|,0,0,1,1,0
683,6ol9l0,dki9ue4,My boyfriends friends hate me. I dont know why but they are making lies about me and dont want me to be in their parties anymore. His female friends seems to be really jealous about me.,"Maybe they're just jealous that he's spending more time with you than them. Regardless, it's not nice for them to make to be making lies about you. Does your boyfriend know that they are?",0,,2,0,1,1,2
684,7rg50j,dswoosk,I'm finally on medication and found a therapist who makes me feel hopeful for the first time in years. It has been a while since I've felt sincere hope.,im envious of the fact that you want hope,0,,0,0,0,0,0
685,9mn5yb,e7fxdz3,there's nothing wrong with being selfish when you are depressed. it really isn't. so fuck those people who call you selfish,Not as long as you aren't hurting yourself or others,0,,0,0,0,0,0
686,73drp1,dnpkhzu,Why should I stay?. Whats the point? Who really gives a fuck? Nobody...none of you people look at me ...none of you see me for who i could be. Why should i stay... got 15 mins to save a life..and go,"Because there'll be better days. I know you what you think. That it's bs but it's true. I've fallen so hard yet sooner or later there's that one thing happening and then it gets better. If you off yourself now think about all the things you couldn't expirience? Your first kiss, playing with your child, true love, a beautiful landscape that you maybe planned on visiting, the smell of rain, the taste of your favorite food, that awesome feeling of completing a task and it goes on and on. I know how you feel. I didnt believe it either but it's true. It may take years to come but there'll be a moment later where'll you say im happy that i didnt kill myself",1,Because there'll be better days. I know you what you think. That it's bs but it's true|It may take years to come but there'll be a moment later where'll you say im happy that i didnt kill myself|,0,2,2,2,0
687,7nc50s,ds0p3u2,I think tonight is the night.... ... I just take it anymore.,I am guilty that I just want to find my own night but all I can say is I hope you make it through one more night. I don't know why. I wish the utmost pain and death on myself but I pray that others survive. Depression truly kills one's sanity and mind.,1,all I can say is I hope you make it through one more night.|,0,2,1,1,0
688,ae7ui2,edn1gcs,"Writing down how I feel.. I just started writing down in a journal, everything that I am feeling and trying to make myself figure out why feeling the way I do. I know if anyone else here has tried this but I hope it helps me.",I've been trying to write a journal for the same reason. While it did seem helpful by letting me vent and understand myself better it ultimately didn't help me much so I stopped because it was very time consuming.,0,,0,2,1,1,0
689,8n5q6t,dzt0tw0,Does anyone else not feel apart of this world?. I feel disconnected from everything at all times. It's like I am watching someone else control my body while I just sit in the passengers seat.,"Yes. All the time. I find myself just moving along, following whatever life throws at me. I constantly have this feeling of dread overwhelm me when I notice my brain and distancing myself from the I know what to think. This life sucks. I just never wanted to exist.",0,,0,2,1,1,0
690,802yq1,dusmei7,"Do you ever just look around you and see people so happy and normal and then look how unfortunate your own lonely, depressed self is? Pure envy to be them... Maybe faking it like me.",I either think they are faking and have pain of their own or I think they are airheads who are unaware of reality.,0,,0,2,0,0,0
691,4enza0,d21yix2,"Contact. There's a weird comfort in connecting with someone who you know is also struggling. It's almost like you stare at each other and immediately think, We are on the same team. It's pretty nice.",I totally agree. That's why I visit this sub a lot. It's nice to know you aren't alone.,1,I totally agree|It's nice to know you aren't alone.|,0,2,1,1,0
692,51g31m,d7bsyth,"There's an everyday, physical heaviness in my heart now.. I can't get it to go away. I used to be better than this.","i know this feeling it sucks so hard, you should try meditating like breath 5 seconds in and 5 seconds out for a long time and you will feel a bit better",1,i know this feeling it sucks so hard|,0,0,1,1,0
693,66f8pp,dgibl9h,I really like staying up as late as possible because I'm always scared of tomorrow and don't want to see it yet. Too bad that means I'm very tired the next day.,"At the last minutes i kinda regret it, especially if i had to fall asleep while it's the dawn, i hate dawn. I have noticed that i sleep much better during the day, i even fall asleep easily during a day, even if i keep the normal mode of awake/sleeping.",0,,0,2,1,0,0
694,50sgzd,d76kxsp,"Don't know what this is.... Not sure if this is the right place but here I go. I feel alone, I feel trapped in my mind, I feel like life is a cycle and I don't know what to do anymore. I have gained weight in the past 3 months, everyone has noticed it all my friends and family. I have never been depressed nor ever felt like this really, only up until maybe 5 months ago. The thing is that I have not had anything traumatic happen to me to make me feel like this. I've had family problems but I don't really see that as a problem i've dealt with it for many years. Is it possible to be depressed for no real reason? Are these symptoms of depression?","Thats totally normal, most people get that from time to time. It will pass, the when is the real question. Good news is you can work on the when, at least it works for me. I think the key is to accept whatever you are feeling, not fight it and not try to change it, even try to get yourself to cry. The point is really to change your mindset from 'i have depression i can't cure it, it is killing me' to 'i'm sad again for no reason, human brain is a pile of shit and buggy as hell, I'm gonny cry all day to give it what it wants'..",1,"Thats totally normal, most people get that from time to time.|",0,2,0,1,0
695,6l8309,djs3ve7,All I wanted to do this Fourth of July is spend the day in the sun with family and friends. They're all out of town or working and it's raining.. Mother nature is one angry ass bitch and being whacked out on Lorazepam doesn't help either.,Lucky you...I just wanted the same but all my family is spending it with each other and their in laws...I wasn't invited anywhere with any of them and yes I know this sounds like a pity party.,2,Lucky you...|,0,2,1,1,0
696,9yik1l,ea1zkuq,I’m terrified of committing suicide but I can’t stop thinking about it.. Almost daily I think about it because I see no other way out of my current life. It scares the shit out of me that I think about it so much.,"I feel you. I just about jumped off a building a few weeks back, it scares the shit out of me",1,I feel you.|,0,2,2,2,0
697,60rs9u,df8zpwi,Wasted yet another day. yet again ive wasted pretty much all day today not studying for my finals. why cant i do anything right? why am i such a fucking idiot?,"Same, all I did was stare at the text",0,,0,2,0,0,0
698,9npq65,e7osq1z,Does anyone else feel like a child?. 20 and just feel like I have the emotional development of a 15 year old,In my twenties and still buy toys to put on a shelf if that counts.,0,,0,2,0,0,0
699,9nr50q,e7oef3n,She sits quietly with the knife.. When will someone hear her cries?,I can lend a ear if she'd like...,1,I can lend a ear if she'd like|,0,0,1,1,0
700,5pmw4z,dcsd7ax,"If you do something long enough, it rewires your brain. That's both of good and ill. I know certain habits and crutches just encourage the depressive and anxiety feelings. But as I try new things, new therapies, they become less scarry and more normalized. So there's always hope.",Care to extrapolate on some positive examples of your brain rewiring? The only experience I have with this is my weed addiction since I was 16 and now I'm 20 :/. Only smoked once this last week tho so things are looking up,0,,2,0,1,1,2
701,8v5bu0,e1kqtfo,"Please help me. I even care about using a throwaway anymore. been 6 years and just not getting better. tried every medication, every coping mechanism, every new hobby, every sport/workout routine, every social event, every distraction, every place, every support system, every new routine, every damn thing.  I just want to be happy","Fuck happiness, I'm kind of OK not being suicidal. Boring is good",0,,0,0,0,0,0
702,579iuy,d8quyol,"Have you ever been so depressed that even breathing seemed like a tough job? If yes, how did you overcome it at that point?. All I feel like doing right now is lying in a dark corner and stay still. I wanna cry. But I can't and I don't know why!","Exercise has always helped when I am as you said. If you would do anything to feel better, then muster everything you have for high intensity exercise. At least 45 minutes for three time per week. I get it, the last thing you want to do is exercise, but if you will do anything to get out of it, just do it.",1,"I get it, the last thing you want to do is exercise, but if you will do anything to get out of it, just do it.|",0,2,1,0,0
703,87pld2,dwer1p3,Short and Simple Explanation of Meds. meds are the difference between my mind thinking rationally and,"While on medication I was irrational, homicidal, suicidal. While off medication I was just, sad and anxious.",0,,0,2,1,1,0
704,4rd6gc,d504fam,Has anyone gained weight on Wellbutrin XL?. I've put on about 20 pounds since I started taking it - thyroid is good and eating healthy/working out. I know Dr.'s say it should make you lose weight but this is not the case for me. Would love to know if anyone has had a similar experience.,"I usually lose weight, but I may gain if I'm coming out of an episode where my appetite had been really low - Wellbutrin returns me to just below baseline, so to speak. This will be one of those times.",0,,0,2,1,1,0
705,6w0pv6,dm56crm,Im not the same person anymore. Schizophrenia changed everything about me and i hate myself. Ill never be the same again. my personality has no depth.,"Yup. Had a good life for 50+ years, then a slow slide, then a rapid slide, then my mind seized up, burned out, broke....a lot of disfunction now, peronality kinda leaked out like anti-freeze. I still enjoy entertainment, but I lack a sense of goals, unable to visualize anything beyond a couple of days, just zero motivation other than craving a snack. Not curious to learn anything, either. I miss my personality....",0,,0,2,2,1,0
706,69izjb,dh6z8mi,I deserve to die alone.. That way I don't drag anyone else down with me.,"No one deserves to be alone. You sound like you're going through a hard time. I am, too, but lately I've been feeling more confident and hopeful. What's bothering you? You seen like you might think you'll be alone forever.",0,,2,2,1,1,2
707,57wcmu,d8vk8ji,Hey!. How is life treating you today?,"Very shitty. And you, OP?",0,,1,0,0,0,0
708,8kr5nm,dza57fm,"I don't know how to continue anymore. I'm 24 years old now. Always had suicidal thoughts all my life. Due to being bullied in school. Due to not having friends in highschool. Failure after failure in college. I never gave up. And then I was diagnosed with herniated disc which caused me pain for the last two years. Sciatica in my right leg all the time and also in my left leg at times. And I'm going bald which is giving me a lot of confidence problems. And now like the cherry on top , I've been diagnosed with cervical disc problem. Just don't know what to do anymore. I'm 23, how the hell am I supposed to live the rest of my natural life in pain everyday. And the average life span in my family is almost 90 years. My family doesn't seem to understand how bad my pain is. My dad understood it when he saw me limping due to pain in my legs. But my mom and the rest of the family always trivializes it. They call me lazy when I try to take rest in bed . She won't understand no matter how many times I explain it.","I'm so sorry to hear about your situation--that's a really difficult thing to have to endure, especially with your family's lack of understanding. I don't think you should give up the possibility of finding relief for your pain--even if there is not a reliable treatment now, pain relief is a major area of medical science research. (Is medical marijuana legal where you live, or if not is it a possibility to move to where it is?) You might find support and recommendations at r/sciatica Hang in there. I would strongly recommend trying to talk to a therapist if that's an option. Otherwise, it seems to me the other most important thing you can do is to try to find work or an activity, paid or unpaid, that is meaningful to you (if movement is an issue, look up online opportunities) which will help you get your mind off of your pain.",2,I'm so sorry to hear about your situation|,2,0,1,2,1
709,93xe6e,e3gnzqp,Depression is like an ex. Only comes back when doing better.,Or like an ex because a fucking pain in the ass.,0,,0,0,0,0,0
710,8cwo0u,dxicey3,"Driving. I drive fast. Not just 10 mph over the limit but fast fast. I like to take backroads and drive in both lanes and follow the racing line just on the edge of losing control. My friends understand. I even drive like I usually do with them, just faster than what should be normal. They always tell me to slow down and not drive so recklessly, and sometime I do, and sometimes I Honestly I really understand either. Maybe the only time I really feel alive. Maybe I want an opportunity to die in an accident. Whatever it is I probably need to stop. Any of you like this too?","I do this too, only when I'm alone in the car.",0,,0,2,1,0,0
711,4qh8zo,d4sz3i6,My grandad died on Saturday and my girlfriend broke up with me before. I'm very depressed. I miss my grandad a ton and was already stressed about my breakup. I need her to lean on and I can't eat anything. I wakeup in the middle of the night every night.,"I'm so sorry, I understand your loss. My grandma just passed away on 05/26. It's hard to accept that we will never spend time with them again and that everything we have now is just our memories. I know it seems cliche, but it really does get better with time.",2,"I'm so sorry, I understand your loss.|",0,0,2,2,0
712,6qsios,dkznor2,I shouldn't be alone.. Starting to feel like it's inevitable. I don't trust myself to be alone. In Minneapolis.,I feel your inner turmoil and pain. I'm not sure of your age or history but I was married for 14 years (no children) and have lived on my own the last eight. It hasn't been easy. It's not fun. There were times I didn't trust myself alone and I recognized that I needed to take steps to help myself so I sought out therapy and it has been helping tremendously (both the one-on-one therapy and resulting meds). Do you have a therapist? Do you have access to one? If so I highly recommend going. It's one of those things that carries almost no risk - it can only help.,1,I feel your inner turmoil and pain.|,2,2,2,2,1
713,7jgq9l,dr698gw,Can you ever be successful?. I'm sure my depression will never go away. When I was 16 I always had high dreams and wanted to be successful. Currently in my engineering degree and I have failed physics twice. Is depression and success not compatible?,The thoughts that you're associating with depression will not go away as a result of what you associate with success. If depression is getting in the way of your success than the most succesful thing you can do is to find peace with your depression. The rest will fall into place :),0,,0,0,1,1,0
714,9tdmnc,e8vliex,When all you want is help.. But everyone just says keep trying. Keep pushing. Keep it up you will get there soon. How about actually help me im asking! But no.....i must suffer...,"In truth, they may not know how to help. They think they by offering encouraging words they're being helpful. Sometimes they need to be made aware if what kind of help you need and sometimes realizing help from a.professiknal may be more beneficial.",0,,0,1,1,0,0
715,a3tyju,eb94ryh,I really oftenly have intense depressive episodes w/ suicidal thoughts. I want help but I'm too scared to ask,"How old are you? Can you get an appointment with your primary doctor? Even a regular doctor can help you if you just talk to them. They can get you to the right place. I went through the same thing trying to tell my doctor something was wrong. It turned out he asked me. Sometimes they'll ask a generic have you been feeling down or helpless, have you had any suicidal thoughts etc. I think they're getting better at making it easier to talk about. It's worth a shot. Good luck.",1,Good luck.|,2,2,2,1,1
716,ap36n7,eg5fl42,Would you date someone with..... Would you date someone with a lot of baggages? If the society portray someone as a loser or underprivileged would you date them?,"fuck society, listen to your feelings.",0,,0,0,0,1,0
717,5qb992,dcxxw33,"Has anyone here had success with Mirtazapine (Remeron)?. I've tried Zoloft, Prozac, Citalopram and Venlafaxine (Effexor).",Haha. Same exact medications. No. It did nothing. Didn't even notice it.,0,,0,2,0,0,0
718,79ws1b,dp5j55v,"Does willingly refuse to take care of myself/willingly not avoid bad habits count as self-harm. Cause if it does, I do self harm.","Ya know it's funny, i've never cut, I rarely drink, have never been drunk, don't smoke(anything), only use prescribed meds. All my self harm is the kind that can be disguised as independent issues, like bad diet, lack of exercise, poor hygiene, too much time on my computer. I guess I don't want people to worry,",0,,0,2,2,1,1
719,9jk174,e6s550j,"Is it my depression or am I just lazy?. I keep putting off doing homework, chores, and even just getting up to get something to eat or drink. Is it just because lazy?",youre giving us little to work with. gonna need more info than that,0,,0,0,0,0,0
720,4j148z,d32r2um,Had my heart broken by a girl about 6 months ago... will I feel love / be able to love ever again ?. I've experienced breakups before but this one was just vacuum levels of suck,I'm sorry that haopened. I've never had a breakup because I always get rejected. I've had similar things so I can at least get an idea of how that must feel. But I believe you can find another girl you live.,2,I'm sorry that haopened.|But I believe you can find another girl you live.|,0,1,1,1,0
721,6zv59b,dmy8pj7,"I just wish that I was good enough. I wish that I could be happy. I wish that I could be someone that people want to be around. I wish I could be someone that people want to message first. That people want to invite first to things. That people would be interested in. I know that I'm not good enough, but I'm trying so fucking hard to be. I keep working and working but I feel like it's too late. That everyone I care about are going to pass me by while I'm still working. I'm going to end up fucking alone. I'm going to die fucking alone.","Sometimes having friends isn't about them liking you, but rather that you like things that other people do. Like if you are really into something, say cars, than if you have a car and go to car meets or race, others will see this and know that you're the guy to know if they want to get into a car scene. Another example would be if you are really into books and people feel like reading something and know that you are into books, they might come to you for recommendations. Most friends bond over a subject before they ever get to know each other as anything more than people interested in the same thing.",0,,0,0,0,0,0
722,5axbtx,d9k2m6d,"Random and unexpected triggers. You know what's a lot of fun with depression? When you're actually doing OK one day, no negative thoughts, maybe even feel kind of normal, and then out of nowhere some random thing triggers a crippling wave of despair and agony. I go from pretty decent to wanting to ram my goddamn head through a wall for the thoughts to get out of my head. I'm not sure I'll ever be normal...","I feel you. If you ever want to talk, I'm here",1,"I feel you. If you ever want to talk, I'm here|",0,0,1,1,0
723,9megel,e7e006w,i wanna kill myself then kill myself again. holy fuck i hate this so much,"Idk why twice, but seriously, i wish you the best to get through this, even though idk what this may be Also i loved atla too, even though i watched it years after it aired",1,"i wish you the best to get through this, even though idk what|",0,0,0,1,0
724,5d1ags,da118en,My depression picked back up!. :) I'm hurting pretty badly.,Idk that :) made me smile haha,0,,0,0,0,0,0
725,aefx1p,edoz25p,Hard to breathe.. i got myself worked up over something dumb earlier (myself). ever since i stopped crying and while i WAS crying it feels so uncomfortable breathing; almost like exhaled but i gotten all of my breath out and idk why?? i know im not having an attack i just really feel like i cant breathe.,"It's normal, don't worry too much about it.",1,"It's normal, don't worry too much about it.|",0,0,0,0,0
726,6l8fyw,djsaekt,Anybody else staying in bed all day?. Seems like everybody else is enjoying the holiday but to me it's the same as any other day. I wasn't invited to any cookouts and I don't have any friends to go see fireworks with so I guess I will just stay in bed.,"Yeah, I wasn't invited to anything either. My family invited me to sit alone and watch all their dogs while they kayak, but I figured it would be less depressing here. I honestly wish I could've worked today.",0,,0,2,1,1,0
727,7a6sgr,dp7o2p4,Lonely.. I feel really really lonely after my ex gf left me for the second time cause she wanna handle my mental state. Can I have some company pls?,Very sorry to hear it. She came back the first time?,2,Very sorry to hear it.|,2,0,0,0,1
728,4l3230,d3jwj1u,"I want someone to acknowledge me.. Last night, I cut off all my hair. It was down to the middle of my back. The people I see most regularly barely noticed anything different about me today.",I feel you. I grew a full beard between visits to my folks. Not a word.,1,I feel you.|,0,2,2,1,0
729,8a4m3d,dww0ug5,"It seems that I cant get happy. In the Wintertime i was really depressed and had suicidal thoughts. Social Life and school was going to shit. Now things get better. My grades are better im more socially active, i have Good Friends and i might get my first girlfriend soon. But still i dont feel happy. I just cant get myself motivated and im Scared of the future. I hoped that when things get better i would be happy again but i didnt.",Have you tried talking to a counselor at all?,0,,2,0,0,0,1
730,5exud4,dafzbcp,I've had depression since I was 8 years old and I am now 21 years old with no recovery.. This makes me incredibly scared of my future...,"Depressed since I was 9, I'm 23 now...I totally feel you, you are not alone. Thankfully life does seem to get better for each year that passes, I deal with the severe depression as it occurs and try to enjoy the times when it's milder. Good luck to you in life.",1,"I totally feel you, you are not alone|",0,2,2,1,0
731,9ht26a,e6ea3l1,My brain is leaking.. Has anyone dreamt all night about some small task that needs to be done no matter how trivial it might be. I'm exhausted over a 5 minute project that won't matter if I do it or not.,"Same! I have lots of homework that need to be done, but I do it, driving me insane. I even do simple always so exhausted. Especially at school!",0,,0,2,1,0,0
732,amwpga,efpdk1q,"I just slept for 20 out of the past 24 hours (not straight, but still) because I wanted a break from the suicidal thoughts.. Does anyone else just sleep to avoid suicidal thoughts?",hey !  you tried seeing a specialist ?,0,,2,0,0,0,0
733,8dgvs9,dxn0pqk,Depression. Need friends with the same problem,Feel free to message me if you'd like. One of the reasons I joined was to find friends to help battle my anxiety and depression.,1,Feel free to message me if you'd like.|,0,0,1,1,1
734,8cbvqm,dxdpenp,"Why do my friends not care about me?. always been a pretty introverted kid so that means less friends, but recently found out my few friends ever care about had the same friend group for the past 3 years and I always thought we were all pretty good friends but now I feel like they actually care about my well being. It was small things like making fun of me just like friends do but I feel like more than good fun. always small flaws about me as well like drinking soda or doing poorly on a test. I usually do anything to provoke them but I am short tempered so I can get mad at them. They also like ganging up on me so hard to fight their insults. If I could I would just ignore them and hang out with other friends but I have any other friends everyone at my school usually just ignore me because the quiet kid. Can someone please tell me why my friends care about me? This has been made me really depressed recently so any help is nice.",Trust your intuition. 99% of my friends treated me like garbage and when I got away from them and built my self-confidence up I did things I never thought I would manage.,0,,0,2,1,0,0
735,a9uofm,ecmu5tw,I feel like I'm slowly spiralling again. and I'm so frustrated at myself I should be grateful for the life I have; the people I have but I feel nothing but a gnawing emptiness I want to be there for people I care about but I'm just such a mess and I'm exhausted.,"It might help to know not alone , had everything someone could ever want but no draw to anything for me no pleasure just emptiness",0,,0,0,1,1,0
736,7awu4o,dpehf1a,Does anybody go sleep and wish all their problems just vanish before they wake up?. It's the only thing left that gives me hope.,Yep and they never do,0,,0,2,0,0,0
737,ab1l16,ecwxtn3,"Does anyone look at articles about how to tell if someones depressed just for the heck of it. I look at them sometimes so i can just feel like im doing something right,",No i dont want to read about myself id just get more bummed,0,,0,0,0,0,0
738,9hs6sw,e6e2mxz,Soon I’ll be dead. You think so but happen in a very short period of time,What makes you feel like this?,0,,1,0,0,0,1
739,3xxb2p,cy8pis7,"All I want for Christmas is to disappear.. If I'm forced into this ridiculous exercise of feeling unwanted, left out and unimportant, can't I just not be here? The holidays suck.","Yeah, I just feel like, I don't care at all. But I know people are missing me at home when I'm stuck here studying for my finals but honestly I like it here, alone. In fact, I've decided not to answer any phone calls from my family because I just want to vanish from their attention.",0,,0,2,0,0,0
740,4sljdg,d5d29ow,"Sadness is often caused by a discrepancy between where you are and where you want to be Help. What if your life has unmet expectations, that will never be realized. Since my first memory I've been distant, depressed, passive and unhappy for this reason. I'm old enough to realize now that this will never go away. I can't let go, it has gotten worse with unfortunate life events(lost the opportunity of a life time that will never be recovered). I just can't stop wanting change, change that doesn't exist in this world. Therapy didn't work, meds are uncertain because studies keep pointing towards how bad or ineffective they are and I don't want to risk it for the long term anyways, meditation helped a bit but it will never fill this void that I have. Life has become unbearable and I am already past the human will power. People think that this temporary, I've been doing research on the internet every night for the past 5 years and I came to the conclusion that it is not. Mercy on my tormented mind","That is a very true definition of sadness. Just out of curiosity, why wouldn't you want to take a risk of trying different medications that might help you? You don't know how they affect you, until you try them. You state that things are unbearable now, so it seems worthwhile to try something that might help you to be happier - even if it causes a side effect of growing a 2nd big toe on your right foot! :)  The internet is hard to scientifically research complicated subjects. Most of the better data &amp; studies are not accessible or behind paywalls.  I hope that you are feeling a little better. We get new opportunities every day, but it is hard to get over mistakes in the past sometimes. Unfortunately, we can't change the past, until I finish the time machine that I'm working on in my basement. :) Feel free to contribute to my Kickstarter fundraiser! :)",1,"I hope that you are feeling a little better. We get new opportunities every day, but it is hard to get over mistakes in the past sometimes. Unfortunately, we can't change the past, until I finish the time machine that I'm working on in my basement. :) Feel free to contribute to my Kickstarter fundraiser! :)|",2,0,0,0,0
741,6bg07c,dhmc0gw,what the fuck is happening to me. I think I'm losing my mind I can't tell what is real or right anymore I'm so numb and foggy,"I lost mine years ago. I can only offer that you aren't alone, for what that's worth.",1,"I can only offer that you aren't alone, for what that's worth.|",0,2,1,1,0
742,4rb0nz,d4zt9ig,i feel so alone and disconnected from the world all i want is to be loved to feel someone else. Be it a hug or a simple touch on the arm. I just want to feel loved even for a moment.,I feel the same. It's a constant ache and emptiness that never goes away. And I stay at my house all the time because going out and seeing other people have that makes me feel 1000x worse.,0,,0,2,2,1,0
743,8gmzey,dyd4v9b,"I have been awake 2 days straight, help me. I have been awake 2 days straight, i try to sleep but i just cant, and im sooo tired :( anyone having the same problem?","Have you tried any sleep medication? Melatonin works pretty decently and it can be purchased over the counter. Alternatively, if you can't get out to buy or get prescribed anything more effective, you could always take a benadryl or two. These things tend to help with my insomnia, so I hope they're useful.",0,,2,2,0,0,0
744,85h198,dvxemfh,Honestly I feel terrible. I feel like running a marathon my entire fucking life and I remember a single time where it like this. Can someone listen to me and console me before I fucking cut myself,"Please don't cut yourself. You can post more about your situation, I'm sure there are always people in this sub that will offer a listening ear. I would.",1,"Please don't cut yourself. You can post more about your situation, I'm sure there are always people in this sub that will offer a listening ear. I would.|",0,0,0,1,0
745,avv551,ehhx24f,Why does no one care. no one even asks me if okay the point,"Hey, are you okay? Do you need to talk or vent?",1,Do you need to talk or vent?|,0,0,1,1,1
746,7ijltv,dqzi1zj,I feel like I'm so depressed that it's hard to even pretend to be happy. Does anyone else feel this way?,"Pretending to be happy can be extremely hard, no matter if depressed or not. Sure, depression doesn't make it any easier, thats a fact. Do you have someone you can talk to? For example have a really deep conversation, tell them about your biggest fears? Where you dont have to pretend to be happy? Wearing a mask is exhausting as hell, and the longer you try to keep it up, the more explosive will it be, when you can't hold it up any longer. In that regard, I speak from experience. And last but not least, it's completely fine to not feel happy sometimes. You just have to feel sad, out of the loop, neglected, rejected or even hated sometimes. Those are the moments where you really analyze yourself and your doings, (something you should keep under control, because too much of it is destructive), and if you embrace it, roll with it, telling yourself that this is natural and just a response of something inside you, you can't really pinpoint yet, those times could actually end up being beneficial for you. Noone feels 100% happy all the time, and if so, I'd call them liars. If you want, shoot me a pm, anytime! Keep your head up! please!",1,"last but not least, it's completely fine to not feel happy sometimes. You just have to feel sad, out of the loop, neglected, rejected or even hated sometimes|If you want, shoot me a pm, anytime! Keep your head up! please!|",2,2,2,2,2
747,a11v6x,eam5lfd,Anyone else dislike their mother?. Why the hell did she give birth to me?,I believe your can dislike an individual's attitude or personality or health but the being itself has no cause for dislike (aside from physical appearance),0,,0,0,0,0,0
748,463le0,d025pk8,Posting this here because I have nowhere else to put it where anyone will give a shit..going to finally put a bullet through my useless fucking skull.. I can't do this anymore. I promised myself I would give myself last night to sleep it off and feel better in the morning. I don't feel better. I feel a thousand times worse. I'm sick. I'm tired. I'm not going to do this anymore.,Hey uh do you want to talk it through PMs? I feel like having a convo would help you a bit.,1,Hey uh do you want to talk it through PMs? I feel like having a convo would help you a bit.|,0,0,0,1,0
749,6l47eu,djr2lkk,I was having a good few days... but now the anxiety is at a high and I feel like absolute ass. alcohol and pills it is,"Try not to forget those good days, and know they can happen again. I'm right there with you.",1,I'm right there with you.|,0,0,1,1,0
750,5opvlz,dcl49pb,what do you do when you need love and support but your family is neglective and you don't have any friends?. I feel so lonely it's hurts ....,"Talk to someone online, it's sometimes much easier to get friendly with on the net, there are a lot of lonely people there. When I'm feeling down and there is literally no-one there to talk to it helps me to engage in come conversation in open hobbyists communities. Even having fun chat about anything at all (not a support/getting it out of your chests talk) can make all the difference when you don't have anyone else to talk with. The additional benefit is possibility to get motivated to do something new and interesting. It might not be a substitute for talking with a real friend (online or not) about your feelings but if you are so lonely it hurts it's still something.",1,if you are so lonely it hurts it's still something.|,0,2,2,1,0
751,8k1jp7,dz46byh,"Does anyone else's depression make them feel stupid or slow?. I have trouble holding conversations because of the brain fog I experience but also because I can't seem to connect the thoughts in my mind enough to form a clear sentence. I used to have deep conversations with friends on subjects like art, film, photography, history, etc. But now I can't participate in them on a deep and stimulating level. I feel so stupid because I can't respond to people clearly during a conversation. ( I know I don't have ADHD) Can anyone else relate?",Yes. I also have anxiety issues so if I'm not fumbling my words because of that I'm struggling to follow my own thought process because of the fog. I'm sure I appear to be the most awkward/weird/air head around. Because of this I stay home most all of the time and don't socialize or anything.,0,,0,2,2,1,0
752,4ars61,d12zomf,Five people in my school district have killed themselves in 2016.. It's really weighing on me.,Suicide is contagious. Don't let yourself become another victim.,0,,0,0,0,0,0
753,55kvq3,d8bkr6l,"?. I feel so lonely all the time. Like, not to sound fake deep, but I constantly feel like I'm sinking and I'm really afraid that I'll never find people I have a good connection with? I have friends and I love them but I'm still so so lonely and it hurts so much","If you don't mind, how old are you? How long have you been feeling like this?",0,,2,0,0,0,1
754,53sgww,d7w41n1,Happiness is hard to come by.. I don't know how to be happy... it seems like there's always something lingering that wants to put me down.,I like to start with really tiny things and small moments.,0,,0,0,1,0,0
755,ae3x3p,edmc25l,"Writing it out. I tried to write my feelings down on a piece of paper but it stayed blank. And somehow, it have been any more accurate.","Spend some time just to meditate and clear out your mind. Take a walk around town. Maybe go buy a coffee, something to distract yourself before you attempt the 'writing assignment'. Just start simple. It doesn't have to be in paragraph form or even complete sentences. Maybe bullet points will make it easier.",0,,0,2,0,0,0
756,7l9lsq,drkzpi1,"Boyfriend (22M) confessed to me (22F) that he has trouble finding empathy for my depression.. over 5 months pregnant, facing the worst depression of my life. medicated (Wellbutrin) but been having a lot of down days lately, suicidal thoughts starting to come back. Idk what he even meant by what he said, but it still hurt for some reason. I really feel close to him emotionally and I try my best to cover my emotions around him and right, him telling me what he said would make feel more alienated from him. I feel so alone.","Have you guys been dating for awhile? I hate that you feel you have to cover your emotions because I feel I do all the time. I think its extremely hard for those without mental illness to understand what we go through. I used to find as many analogies or ways to explain it as I could online since I'm not very articulate myself. I hope things get better and that they do so soon. Above all, I hope that you and your baby are safe.",1,". I hope things get better and that they do so soon|Above all, I hope that you and your baby are safe.|",2,2,2,2,1
757,95hzea,e3sw18a,does it still count as exercise if i go back to sleep after?. like...i wake up early and run for a little bit then go back to sleep for the rest of the day. I do it but i feel like i accomplish anything and that makes me feel worse. but i wonder if maybe it is helping too sometimes.,"If you do it, it counts.",0,,0,0,0,0,0
758,415obg,cyzuojf,My relationship ended yesterday.. I don't know. I just feel alone. How are you?,"I keep hearing about this gym you speak of. Works, huh?",0,,0,0,0,0,0
759,amqzij,efqym8h,"Nobody really cares that you have depression. It’s not even considered an illness in most people’s minds. You get more support for having a cold than depression, even thought 1,000,000 people die from it each year,. Title says it all really. Most people care that you have depression. In most minds, something you snap out or just up, not that They understand the existential loneliness and emptiness that comes with it, in each waking moment. I just feel so disconnected from everything.","It's usually innocent ignorance. Most people don't understand doesn't mean anything for what's true, except it's really difficult to have an illness that goes unrecognized. &amp;#x200B;",0,,0,0,1,1,0
760,4nfkpk,d43kky6,im depressed. can someone lift me up for a bit?,Why was the blonde excited about taking 6 months to finish her puzzle? The box said 2-4 years lol,0,,0,0,0,0,0
761,8omvko,e04pt4i,"What to do when you dont have money for a psychologist?. I dont work... I am starting college, and I really wanted to consult with someone, but i dont have money, and a psychologist isnt that cheap, so the question really and is not just for me what does a person do when it doesnt have money for a psychologist?","Do you not have insurance through your parents' plan? What type of school are you going to? If it's a big enough school, it will for sure have resources available for students struggling with mental health issues. Definitely look to take advantage of what they might have to offer.",0,,2,0,0,0,1
762,5gijsz,dass9di,Anyone else does nothing all day yet feels tired all the time?. Even reading a book feels tiring,Yeah. I'm perpetually tired. It's wonderful /s I hate it especially because I'm tired no matter how much I sleep.,0,,0,2,1,1,0
763,5uwyc4,ddxiihd,"I've came to the point where I feel like sadness is my comfort state.. Just that, I really don't know how to take that idea out of my head.",Sometimes I feel like I almost like being depressed... weird huh?,0,,0,1,1,1,0
764,7rpqdr,dsyp185,Tonight is the date.. It's 4PM in my country right now. I'll end it tonight. I only have knife and it's probably going to hurt. Oh well.,"it's not my responsibility to save you but i wish i could. please reconsider, talk to people you love, do something you love, watch something you love... if you want to talk you can message me, i'm not the best helper but i'll listen. &lt;3",1,"it's not my responsibility to save you but i wish i could. please reconsider, talk to people you love, do something you love, watch something you love... if you want to talk you can message me, i'm not the best helper but i'll listen. <3|",0,0,0,2,0
765,aj9g2u,eetr6bb,"TIL I learned if you mistype the last four numbers of the suicide hotline (8225 instead of 8255), you get a singles hotline.. It honestly made me laugh",Wonder how often that happens when people are blurry eyed typing into their smartphones...,0,,0,0,1,0,1
766,9ywiu1,ea50mi8,My therapist discharged me. Lol. Not even my therapist wants me.,"I've struggled with abandonment issues most of my life, my fiancee left me last year, my friends and family act like I don't exist and even though I brought that up in the one counselling session I've ever had, I still got turned down for counselling. I tried going private and still got the same result. What does it say when someone with abandonment issues gets turned away by a therapist? You can't tell someone that their therapist cares about them because you care about the kids you look after.",0,,0,2,2,1,0
767,8jzdbo,dz3syna,Depression. How do u deal when you are feeling very depressed and alone and dont have much support or ppl who care about you???,Lots and lots of alcohol lmfao,0,,0,0,0,0,0
768,a9alz3,echru3l,I spent my Christmas Eve in a shouting match with my mom.. She told me to kill myself. everyone going?,"I bought my self kfc, no one is doing anything, or i should say i was invited to nothing. Im sorry to hear that im sure she loves you or why else would you still be living with her. if you just went over to visit im unsure why youd put your self threw that.",2,Im sorry to hear that im sure she loves you or why else would you still be living with her. if you just went over to visit im unsure why youd put your self threw that.|,0,0,0,0,0
769,asakty,egtldzu,"fuck this shit. I'm not getting out of bed today, I'm not going to school. Why do I do this? To myself? just fucking end me",I don't wanna get up at all either but I have a stupid appointment to go to.,0,,0,2,0,0,0
770,8itw05,dyult2r,.. I feel that I belong in this world I feel that my existence is a mistake.,hard to see our impact on society from a single moment in our lives. We downplay our contributions or sometimes we never even know that a small act of kindness affected someone. Or just being around helped them get the the day. Your not worthless or a mistake. Your life matters a lot.,1,Your not worthless or a mistake. Your life matters a lot.|,0,0,2,2,0
771,89m26e,dwrxkvq,"Are you on medication?. Are you on any psych medication for your problem?Yes or no? How are you coping at the moment? I am on Olanzapine,2.5mg only.I would say I am coping not very well,but I want to be too dependant on meds.Been taking Antipscyhotic for 8 years.","I was on a very low dose of Celexa, only 10mg, but that was causing enormous weight gain. I'm really short and I was gaining a pound a month. I tapered off quickly, on the expectation that the mental pain of getting fat this quickly was going to counteract any benefit from the drug. I went off and I'm on gabapentin now, and melatonin, and that usually keeps the insomnia at bay. I used to tell myself meds were a weakness, but being on them is far better than getting fired from a job, which was in the cards if I hadn't gone to see a therapist. I know it feels shameful, but really, it's no different than needing glasses, or a coat when it's cold. If your current meds help you, stay on them, and don't feel bad about it.",1,"I know it feels shameful, but really, it's no different than needing glasses, or a coat when it's cold. If your current meds help you, stay on them, and don't feel bad about it.|",0,2,2,2,1
772,8fpzr2,dy5nsnb,"You ever so sad you can't even masturbate?. Because I feel this exact way, I'm just absolutely repulsed by anything to do with sex right now.",Or play video games or eat or smile or think coherent thoughts or think of reality as real. Depression can really sap the life out of you and is really hard to communicate to someone who has not experienced it.,0,,0,1,2,2,0
773,8s455n,e0wmfxw,Does anyone find their depression and anxiety disappears late night?. My mornings are the worst. I wake up with anxiety and severe depression which inhibits any productivity. The whole day goes like that well into evening and then at night around 2-3 AM I find it automatically resolves usually every night. Does anyone else also find this?,My favorite time of the day is definitely 11pm-3am,0,,0,2,0,0,0
774,7ho3zh,dqsjtj2,"I have no one. I thought I had finally found a close friend, but she's been distant. Probably a slow ghost. Don't get me wrong, every close relationship I have had has ended, but it's usually abrupt so I'm not surprised. Oh well.",You dont need anyone I giess that how it goes,0,,0,0,0,0,0
775,aivw81,eer413s,"Does anyone else get depressed after/while reading a romantic story because you just feel so unlovable and hopeless. Bc I do, and I want to relate to someone desperately",I dont read romantic books but this is why I hate romantic movies/shows,0,,0,2,0,0,0
776,7mgh1a,drtr7ny,i did something horrible. when i was 18-21 i misled a older woman with marriage and kids for 3 years. i knew it was wrong since i have mentall issues. she is 30 now and desperate for kids/marriage i feel it is my fault that she have those and it makes me depressed,"Yeah pretty fucking horrible but not unforgivable. But your mental illness is no excuse. We are obligated to do our best every day to be good people, just like everyone else. THAT BEING SAID, what would you tell someone else who posted this? Hopefully that not the only person to make this mistake, and making mistakes make you a bad guy. The fact that you feel remorse shows that you have empathy and care about others.",1,Yeah pretty fucking horrible but not unforgivable|The fact that you feel remorse shows that you have empathy and care about others.|,2,0,0,0,0
777,adhl2x,edhbjku,"I have to get up, my body does not want to. This day is probably going to suck.. As usual I didn't sleep until way too late, even though I went to bed early. I'm so sick of this, why can't we control this type of thing?",My mind didn't want to today :( I forced myself to get up. But now I feel dead.,0,,0,2,1,1,0
778,7aglto,dpa40l6,I really thought I wasn't going to drink tonight. And I'm just about done the bottle.,"ive never drunk before, whats it like?",0,,2,0,0,0,0
779,8srn9x,e11ohwk,"At work, feeling down,. at my second job. Which is pretty boring desk job. feeling really alone right now and stop thinking about my ex. Looking for anything to distract me","ex for a reason, right? I know hard to not dwell on what lost but imagine what you could gain without them. Your life is yours, not your let them rule it.",1,"I know hard to not dwell on what lost but imagine what you could gain without them. Your life is yours, not your let them rule it.|",2,0,0,0,0
780,8fyhma,dy7ggkg,"How can people be happy. Like it doesnt make sense, nothing in lige brings lasting joy and happiness evem relationships are filled with so many negative emotions but god I'd give anything to not be alone anymore, life is so empty I just wanna fucking die","I know. I don't get it either. If most people were anything like me, human civilization would crumble - would never have started.",0,,0,2,0,0,0
781,8y9c6g,e29jl3h,"(22F) Anyone else living life unemployed with no energy or the desire to do anything with your life cause you’re not interested or passionate about anything?. Do you ever just get like, over this shit? Being depressed for so long, not wanting to wake up, not being able to sleep because of a heavy mind that stop, then not being able to sleep solidly because your anxiety is so bad that you even sleep without waking every 2 hours. I stop thinking about how easy it is to buy a gun and never be able to think again. I just want peace. I just want it to be quiet. I just want my pain to stop. all. Please.",Agreed. Feeling the same way.,0,,0,2,0,0,0
782,5394g2,d7r0wg8,lol. Today morning I woke up and thought. I need a coffee..or a poison...anything would work at this point.. ...and then i laughed...and then i cried,nihilist humor makes my world go 'round,0,,0,0,0,0,0
783,9bg2jo,e53ar2e,"I swear if one more person tells me: You only have one life, there is no time to waste worrying, you have an entire future ahead I will kick him/her in the crotch.. I am just tired of being tired of the same soul-sucking routine engraved in my DNA.",All it does is make me feel worse because just feel selfish,0,,0,2,0,1,0
784,8k4azs,dz59o79,"I've lost motivation to do well in school. I'm a junior in high school and I'm ready to be done. I've stopped caring. I don't have the energy nor the effort to get my assignments done. I don't have a ton to say, but I was just seeing if other people are struggling with the same thing.","You know what? I feel exactly the same and I was trying to be positive for ONCE. I literally am having daily breakdowns because of school right now and honestly I won't make it through this year. The thing is, summer can maybe make you think straight and give you energies to start again, I was trying to say that. Maybe they don't change and stay depressed all summer, but they could try at least. Summer is free time, always. Letting your mind rest is good, even if you don't do a thing.",0,,0,2,2,1,0
785,77h5pe,dp6bdqs,"Thoughts on SSRIs. Hello, what are your thoughts/ experiences on SSRIs?","I tried various strengths of Zoloft. It did help a little, but only with certain symptoms for me. I'm also still in the process of getting a correct/official diagnosis though.",0,,0,2,1,0,0
786,9lhcjk,e78uzgg,"Anyone else ever been so depressed you're too depressed to be depressed?. If that makes any sense. Idk maybe I'm just so lazy I can't even be bothered to feel depressed anymore, kinda like a feeling of being dead inside.","I honestly don't care about school anymore, I just wanna be 20 and see if I can get a job and a place so I don't worry my family and maybe tackle depression without them knowing.",0,,0,2,0,0,0
787,6xj604,dmgn7qw,I'm fine.. Why do I keep lying?,"I do, because no one can change how i feel anyway.",0,,0,2,0,0,0
788,92harw,e365haf,"People with depression and anxiety, which illness do you consider to be more miserable?. I have been diagnosed with anxiety but it rarely affects me now. However right now having a little anxiety attack and it reminded me of how fucking awful it is. I would much rather be depressed.","Anxiety for certain, if I could actually connect with people I could find someone to hang out and be depressed with.",0,,0,1,0,0,0
789,6rux1d,dl7wsls,"Why does everyone i see seem so perfect. Why everyone seems so perfect and I am no where near perfection, I know that perfection doesn't exist but it's so unreal how perfect people look and I don't look any perfect. Anyone can relate ?","I can relate to some degree. You've got it right though, perfection does not exist. There are people with it better and people with it worse. It's a very destructive thing to think about yourself negatively. Try thinking about the things you do well for a change.",1,Try thinking about the things you do well for a change.|,0,1,1,1,1
790,6d33nf,di07a2o,"Summer BBQ and no one comes. Free ribs and booze and I have Js prerolled and yet all but one person is either a no show or forgot. Thanks world, thanks depression, FML.",who wouldnt want to show up to that?? they lame,0,,2,0,0,0,0
791,73cm60,dnpb3ft,Making my bed makes me feel like I have my life under control. I but at least it looks like I do.,I can't get anything done if my bed isn't made. It's the first thing I do every morning.,0,,0,2,1,0,0
792,5c6vmi,d9u5ky2,"I'm terrified to seek help. I know I need help. Now. But I'm terrified, especially of what my bf will think. I know I shouldn't be but realistically it's a massive worry. I don't even know where to begin","Nothing to be afraid of, would your bf be embarassed to go to hospital after breaking his finger? No. Why should you be scared to seek mental help, broken finger hurts, depression if not treated can kill, and in the worst way possible. Go and find yourself a therapist, someone you can tell all about your problems. Hope it works out.",0,,0,0,0,1,0
793,5clfw6,d9xdvgb,I'm scared to get the help that I know I need.. And I don't know what to do.,Don't be scared. Reaching out for help is what you have done with this post and it's small steps that count towards the big goal. Use an anonymous forum for a while to talk if that's what you need. When you feel ready to speak to a doctor please do it.,1,Don't be scared. Reaching out for help is what you have done with this post and it's small steps that count towards the big goal. Use an anonymous forum for a while to talk if that's what you need. When you feel ready to speak to a doctor please do|,0,0,1,1,1
794,4yryue,d6pz4rq,"Mom: Are you okay? You look sad. Me: Yeah. I'm fine... _I suppose I'm fucking fine if I sit against a door with my legs folded, arms on knees and head buried in arms._ She walked away, not saying a word. I wasn't looking at her. I wasn't even feeling insecure. _I feel like an idiot. Why do I have to be such a coward.._",Because saying yeah I'm fine takes less effort than explaining how you really feel.,0,,0,1,0,0,0
795,6mxt7u,dk5b0t4,anyone here a shut in ? (stays home 80%+ time). anyone here a shut in ? (stays home 80%+ time),The only time I leave my house is to go to work or go shopping. I guess that is a shut in.,0,,0,0,1,0,0
796,4meuqx,d3v1j0z,"Helpp. Suffering from pretty severe depression/possibly bipolar the past few years. Can't see the doctor for meds till later, any suggestions for what i can do now for myself?? What can i do when i feel the sadness or unmotivation set in help plz","do you have any hobbies? do you like movies, tv shows, books, music, games? they all seem to help me distract myself from feeling like shit, distraction is your friend when you hit an especially low spot.",0,,1,2,1,1,1
797,7cnm42,dprrok6,"All these happy people around me just annoy me.. The sight of people being so happy with life around me annoys the Hell out of me, how do you maintain that in life? I don't understand, it seems no one has a care in the world.","Tbh. I find most people are pressured to 'appear' happy. There's this societal idea that people need to find a 'happy life' or that the pursuit of happiness is the most important part of our lives. Which I honestly think is dumb, cause it implies feeling anything else is meaningless. But feeling depressed does not have less meaning than feeling happy. At least that's my thought",0,,0,0,1,1,0
798,9xbifm,e9rl58h,I just want to stay home and lie down in the dark and curl up under the blankets until it gets better. Spoiler alert: it won't get better,"Then find something that you can put your all into and work on it. You need a distraction that doubles as a skill. Work towards that thing and put whatever you create on the internet. NaNoWriMo is going on, could take a crack at writing a book (every first book isn't good, don't worry, just have fun).",0,,0,0,0,0,0
799,7jp5nt,dr83zli,I feel worthless. My gf cheated on me twice. I feel worthless. It has destroyed my self-esteem.,"Sorry to hear that. Obviously a very painful experience. Of course you're not crazy for feeling like that makes you wonder about your value as a person, but to get through this life you'll really want to get to the place where you understand other people's behaviors are a reflection of them and not of you. I'm not trying to suggest some stupid mind-trick here, of course when someone chooses another person over you, you are going to have thoughts of worthlessness and insecurity. But even if someone you are with realizes they'd rather be with someone else, it doesn't require them to cheat on you, they could just be an adult and end a relationship before doing something behind someone's back. Human love is fickle. There's no way to ever say that anyone who decides to spend time with you owes it to you to honor that choice forever, but it certainly doesn't mean they have to cheat and lie. This advice has stuck with me ever since I heard it on a podcast; don't ever expect other human beings to be rational, or to assume they are playing by the same set of rules and understandings as you are. They lived so much of their lives before you were ever it in, you have no idea if this behavior could be a reflection of something somebody else did to them in their past or whatever. You can't blame yourself for other people. Otherwise a total stranger could walk up to you on the street and punch you, and you'll spend the next week wondering what you did wrong instead of identifying that person as a violent crazy person. Regardless, it isn't exactly the most logical part of your mind that is going to feel rotten about this for a while, so no amount of information is going to make it feel better right away. But try to love yourself, and work on coming around to that understanding that other people's choices do not say anything about you, only about them. This action means that they are a cheater, not that you are worthless.",2,"Sorry to hear that. Obviously a very painful experience.|This action means that they are a cheater, not that you are worthless.|",0,0,1,1,0
800,8xjxla,e23qa8k,How do you reach out to someone without feeling guilty or ashamed?. Anytime ever tried to reach out to a friend I just get overcome with a feeling of guilt because not their problem. It makes me feel even smaller and I absolutely HATE being a burden on people. I just feel so alone.,"There's nothing wrong on reaching out people, you're just showing you like them, you like to be with them, so don't worry about it. Imagine someone texting you and saying Hey, how are you?... I miss you. Hows everything going? Doesn't feel good?",1,"There's nothing wrong on reaching out people, you're just showing you like them, you like to be with them, so don't worry about it|",2,0,1,1,0
801,adpwvl,edj8wxe,I wish something would kill me.. I frequently think about suicide but such a pussy and worry about a mishap.. plus I worry about my ending affecting some loved ones back home. I just wish something would kill me suddenly.,"I sometimes wish for the same thing. That some random event would end my life for me. Like a drunk driver or a meteor falling from the sky and hitting me. &amp;#x200B; It could happen. Who knows what the future holds? But, if I have to do it myself, so be it. &amp;#x200B; Good luck with no longer feeling this way.",0,,0,2,1,0,0
802,9es7lj,e5rh0lx,I just want to melt into the floor.. I fucked up and embarrassed myself real bad. Now I want to do anything. I want to die. I want to eat. I even want to watch netflix. I just want to stop thinking. Melt into the floor :(,Eat some edibles. I thought I melted into my couch. It was glorious,0,,0,2,1,0,0
803,4kp9b2,d3gripr,"Does it ever get better?. It's like two steps forward, ten steps back. It's exhausting.","So far it hasn't gotten better for me, I've just come to accept it. Things that when I was younger would've made me cry or get really mad now just miff me. For example today I found out that I got ripped off over $130 because of an irrevocable clerical error - that's about 1/3rd of what I make in a week, and I should be furious because this kind of thing happens far too often. But what good will that do me?",0,,0,2,1,1,0
804,7ufvxs,dtk1fbr,Im going to hell. I feel like the worst person on the planet.. I feel like I am sending my dad to hell by using up all his positive vibes and he won't have any karmic good left for himself. I don't want to negatively impact my dad but I don't want to work hard either.,What vibes you giving off?,0,,2,0,0,0,1
805,8qb1u4,e0i8oeh,"Anyone else hate going outside because you'll see happy people?. Me, I'll see people smiling, happy couples, families with children and just think Well that's a life I'll never have.",Is it bc they have relationships and you don't? Try talking to someone from r/braincels,0,,2,0,0,0,1
806,4crhso,d1kvnq0,Anyone else not want a funeral or any services?. It gives me anxiety just thinking about it.,Does it matter at that point what I want? They're the ones left making sense of it. Let them do whatever they want.,0,,2,0,0,0,0
807,6v4wtx,dlyjhsx,"Anyone take mental health days from work?. Do you use vacation, PTO, sick, FMLA?","Back at my old job, I used sick leave.",0,,0,2,0,0,0
808,aulmga,eh9iyvj,"i just cried a lot and now i feel so so much better. if you want to cry, just cry. you will feel better after that","I always find that crying feels like liquid self pity, but that's probably just cause i'm an asshole to myself a lot.",0,,0,0,0,0,0
809,6gcyap,diq3pv4,The number of times I say I hate myself in my head is uncontrollable. It kinda comes out on its own like I'm hungry,"For me, it's the number of times I say, I hate my life and I hate people.",0,,0,1,0,0,0
810,8t5jbk,e155k6r,"Can’t sleep, Any techniques to suppress my depressive thoughts about my future and fall a sleep?. I just sleep more then 3 hours Please help me","I just make up fantasy stories in my head until I do, maybe you could find something similar to do?",0,,0,2,1,0,0
811,8ge2u1,dyb80s7,Do you ever feel like nobody ever wants the best for you?. usually a garbage dump for shit. When I manage to do something happy or successful I believe there were many who were genuinely happy for me. I think most people would actually smile at the idea of me having it worse. Even people who I thought cared eventually puts me in the back burner and treats me like so tired of feeling like this. Why do people always do this to me? I hate feeling victimized but I am tired. I hate existing.,"People don't really care about anything other than themselves. Not applicable to everyone of course, but using people as a means to an end is common and people don't care how you feel as long as they get what they want. Idk about you, but sometimes this is the case even with family. If even your family doesn't give a shit, then who will?",0,,0,0,0,0,0
812,3vfhea,cxn20eq,Winter blues. I've often fallen to my lowest during winter. How do you kick the blues?,"I've noticed it helps me a lot to go outside during the day, so that I can feel the sun (if there's any) and so I can smell fresh air.",0,,0,2,1,1,0
813,6yzwo7,dmrfwa1,"In this farewell. There's no blood, there's no alibi I don't know if I can hold on any more. I've tried everything, the only thing that keeps me sane is Linkin Park. I can't pretend I'm fine anymore with how many times I cry a day. I'm sorry",If you need anyone I'm here. You don't have to pretend you're fine. But you deserve the best. You deserve to feel cared about and supported and loved. You are worth something to me.,1,If you need anyone I'm here. You don't have to pretend you're fine. But you deserve the best. You deserve to feel cared about and supported and loved. You are worth something to me.|,0,0,2,2,1
814,aahzcb,ecshxnk,does god exisist ? Does karma exisist. if they do then why do good people suffer,more i live more its harder to think so,0,,0,0,0,0,0
815,8kp5yx,dz9e6nw,They say being active helps but I pull 18 hours days and all I can think about the whole time is dying. Being active changes nothing.. Just another lie to keep us here longer.,"Well being active *is* important, but so is not being overactive. 18 hour days, man? You can't do that for long. It's important to do something during the day so you have so.etbing to process at night.",0,,0,0,0,0,0
816,ajyhza,eezudbu,"I’m hurting. been feeling so suicidal, and it feels like everyone I turn to is tired of me and my shit. I really know how much longer I can keep going like this. Can you guys comment things that keep you going or quotes that keep you guys strong. Anything helps","doctor who, esp this quote. life is a pile of good things and a pile of bad things. the good things don't necessarily soften the bad things, but vice versa, the bad things don't always spoil the good things or make them unimportant.",0,,0,0,1,1,0
817,9d2y09,e5gzxo3,I've never felt so alone. What's the fucking point of anything?,be I just went through this. Wound up breaking it off with my BF of 5 years for lack of attention among other things.. pm me if you ever want to talk.,1,pm me if you ever want to talk.|,0,2,1,1,0
818,6txg7z,dlobino,"I'm fighting since last year and still there is so much to conquer.. I want to write about just one aspect of my journey. It's about a year since I've started lifting, I've gained 15kgs (33lbs), but I'm still very skinny and weak. I fucking hate when people laugh at me becouse they never spent a one single day in the gym, they are naturally better built, stronger, have bigger body frame, more T level. They even don't have to point at me, I fell some kind of sadness, but I know I have to swallow the bitterness...  Thank you for your attention.",You're out there and improving yourself. You have the drive to get things done. Congrats and good luck,1,You're out there and improving yourself. You have the drive to get things done. Congrats and good luck|,0,0,0,0,0
819,5mldz9,dc4g094,"How to live without any thing to live for?. Just answer this question, don't write:You'll find a reason, it'll get better etc. No shitty lies, just answers",Sorry mate but I don't think there's a way,0,,0,0,0,0,0
820,7dx4jt,dq0y0a9,DAE ever get that dropped/sunken feeling in their stomach when they have a really self deprecating realization?. I always have to catch my breath for a second and try not to cry; sometimes the thought and feeling comes and goes really quickly. Anyone else?,"yea I feel ya, I often end up redirecting the feeling out as anger instead, so I get like that then immediately get very angry and want to hit something. (anger directed at myself for being such a piece of shit usually)",0,,0,2,1,1,0
821,7ssbiu,dt7ayh7,"I was basically told by two people today that I need to lose weight.. Not feeling so great about myself today. First, my psychiatrist brought it to my attention this morning that gained 20lbs and that we should discuss this. She recommended a dietitian for me to see. Then my neighbor told me that I should start running with her in the mornings because how gonna get Totally unsolicited too. I bring anything up about weight or working out. I have a hard time feeling good about myself on a good day. Today, I just want to eat my feelings.",I feel you there and I am so sorry! Those people suck!,2,I feel you there and I am so sorry! Those people suck!|,0,0,1,2,0
822,aik0i4,eeobvmv,Can’t wait to drop dead on the ground from a heart attack. Is it fucked up that fantasizing about death is the only thing that gives me relief in life?,"I used to do this a lot. Thinking of really aggressive and horrific things happening to me would make me feel so much better. But afraid thinking like that would just make suicide seem easier and easier. While here you might as well think or do something else you like. Anything at all, even if really shitty or just doing drugs all day or whatever! not here long anyway so you might as well do whatever makes you happy for the time being while we wait to expire.",1,not here long anyway so you might as well do whatever makes you happy for the time being while we wait to expire|,0,2,2,0,0
823,6z51qh,dmsw14c,"I did the dishes today. It isn't a huge feat, but after 5 days of sitting around I finally did something to clean my house up.","Awesome! That's a success in my book. :) I managed to call someone and spoke to an actual human being about my car yesterday, now if only I could set up all the other appointments I need to lol. Keep doing small things like that, it helps you feel like you've accomplished something especially when they start to pile up after a bit. Maybe eventually we'll be productive right?",1,Awesome!|,2,2,1,1,0
824,9o7yy1,e7s3vd3,I’m not DEPRESSED because I do Drugs. I do drugs BECAUSE I’m DEPRESSED.. I wish people would understand this,I think that drugs could make depression worse though.,0,,0,0,0,0,0
825,ajtelf,eez8jv8,"Cried myself to sleep last night.. I felt empty. broke, hungry, cold, and alone. It sucks","Life sucks, but that doesn't mean to give up. Try to overcome your feelings.",0,,0,0,0,0,0
826,7b8y8h,dpg64mn,"Is it normal to turn depressed/lethargic after going a few days without music?. This seems to keep happening, for some reason. A few days without music and boom, depression of some form kicks in. Is this anything normal or should I be worried about potential c. depression?",That would not be normal for me but in my condition I would welcome such an arrangement whole heartedly.,0,,0,2,0,0,0
827,5zu28i,df11yt8,whats the longest youve been out of school/college/work because of your depression?. I havent been to school in a while been out for 4 weeks.,I've been on leave for 10 weeks from work.,0,,0,2,1,0,0
828,5p2qpo,dcnyiys,Vodka and malt liquor are not working anymore.. I need lots of vodka tomorrow.,You've built up a tolerance.,0,,0,0,0,0,0
829,8acixr,dwy72mm,"Want to die but don't want to kill myself. Given a chance to die, i will gladly accept it. Hit by a car, heart attack, sleep and won't wake up again, or any accident.","The only thing making me hesitant is my family. Seven siblings, four of them younger than me, and nothing scares me more than one of the little kids having to go through something that can leave them traumatized. On top of that, money is a big problem right now and I don't want my parents to have to deal with the costs. I feel so freaking stuck.",0,,0,0,1,1,2
830,9v6l4y,e9a6rlo,I feel like I'm sinking. My time is almost up,Why do you feel your time is almost up?,0,,1,0,0,0,1
831,7cwqm9,dptk9fu,I was giving a presentation in class today and i just couldnt handle it so i just grabbed my things and walked out.. I dont know who i am anymore.,"You did something i never would have the balls to do There have been so many situations where i just wanted to get up and leave, but i never did because i didnt want to deal with the concequences",1,"You did something i never would have the balls to do There have been so many situations where i just wanted to get up and leave, but i never did because i didnt want to deal with the concequences|",0,0,2,1,0
832,auu7tn,ehb5z1j,Fuck this stupid fucking life. Why does everything turn to shit? Why does it *always* get worse and worse and worse.,I wish I could f*** it instead of the other way around for,0,,0,2,0,0,0
833,9mgu59,e7ehe54,what will i be able to make of myself. no accomplishments. got nothing to look forward to,"Then makes some, and create your own future. Not the one you think people expect of you",0,,0,0,0,0,0
834,5we86k,de9k9l7,Zoloft. I've been on 50mg daily zoloft since Thursday. Along with .25 MG xanax for anxiety and depression. What to expect?,My suicidal thoughts are getting worse on Zoloft. Im currently on 75mg. My doctor warned me it was a possibility. If that starts happening make sure you call your doctor asap. I take Lamictal and Buspar with the Zoloft. My combination of medication along with my bipolar disorder could be causing my side effects I'm not sure.,0,,0,2,1,1,0
835,9v38ce,e99pkgt,What the fuck. What the fuck what the fuck.,"Hey there you seem to be going through something, care to share?",1,"Hey there you seem to be going through something, care to share?|",0,0,1,1,1
836,4wqjda,d69dxbj,"Cried again.. Crying, crying, crying. Can you fucking end it. Fuck, people, cared for me. And i'm still fucking alone.","I'm really sorry you're feeling this way. A person can be cared for by dozens and still feel alone, depression is a monster. I hope you're able to make progress against it in your own way, or by talking to people you trust, living the life you want to live, or by obtaining professional help. Please send me a message if you would like to talk to someone privately.",2,"I'm really sorry you're feeling this way.|I hope you're able to make progress against it in your own way, or by talking to people you trust, living the life you want to live, or by obtaining professional help. Please send me a message if you would like to talk to someone privately.|",0,0,2,2,0
837,8j1b94,dywdw7g,"How badly will i emotionally kill my loved ones, if i commit suicide?. I don't want to imagine them all crying badly.","This is how I look at it. Someone who is truly amazing in your life will change you into a new you. If that someone leaves you life somehow, you are still the new you. You still have a little bit of that someone inside of you. Once you die, that little bit of them dies inside of you as well. Do you respect those people who changed you in your life? Do you respect them enough to keep them with you? Those are the thoughts I think when I am ready to end it. Hopefully it helps you, friend.",1,"Hopefully it helps you, friend.|",2,0,1,1,0
838,6luw0n,djx0dmk,I saw this on this sub but my turn to stop being a depressed teen.. And be a depressed adult instead.,I think it's necessary to have a sense of humour. Usually it's a morbid humour :) my ability to joke actually increased a lot after I started suffering from depression.,0,,0,2,1,0,0
839,71c0m3,dn9pkff,Huhu. Tired of being college. Im done.,"Sorry, it's hard. I hated it.",1,"Sorry, it's hard. I hated it.|",0,2,1,1,0
840,9bryhh,e55abqk,I wish I had artistic talent. Art has been my obsession all of my life but i'm so bad at it because i'm an idiot. a cognitively deficient fuck up is what i am,"Nah man, What you're saying is actually quite common of someone who is good at art. Most people with a high degree or artistic talent are really good at *recognizing* good art, but get frustrated because their own art doesn't live up to the crazy high standard they've set for themselves. Malcom Gladwell suggests that it takes 10,000 hours to gain mastery in something. Art is a skill just like anything else. I think a lot of people get fooled into this You either have it or you don't mentality when it comes to creative arts. It's just not the case. I think it's more important that you actually have an obsession and something that you want to be good at! Most people don't have that. Just keep practicing and never give up. If you have the drive you will succeed eventually. You'll get better and better every day.",1,Just keep practicing and never give up.|If you have the drive you will succeed eventually. You'll get better and better every day.|,0,2,1,1,0
841,av5m25,ehcws6m,how do I get $100 quickly and easily?. I want to buy weed. of course some one who is depressed like me needs drugs. but im serious i want weed so i can just smoke 24/7 to help with the depression.,I mean fastest way is a pawnshop or trading stuff into GameStop,0,,0,0,0,0,0
842,8gqit1,dydqram,I need to know. Has anyone actually got better?. starting to feel like the idea of recovery is just a myth to keep me from committing suicide. tried every medication and nothing has helped. If no chance of getting better the point of going on?,"I'm not 'cured' but I'm a thousand times better than I used to be, there's a light at the end of the tunnel. The key has been little steps over a long time, unfortunately there are no quick fixes. Keep going, keep experimenting with treatments, there's one out there that'll work for you. You can do this!",1,"there's a light at the end of the tunnel|Keep going, keep experimenting with treatments, there's one out there that'll work for you. You can do this!|",0,2,2,1,0
843,4obpfz,d4b8857,waking up more exhausted then when you fell asleep. You know it's going be a tough day when that happens...,uhhh I hate it :(,0,,0,0,0,1,0
844,8b31ce,dx3kwgh,im really tired. every day is too much.,"I support and am thankful for you, friend.",1,"I support and am thankful for you, friend.|",0,0,0,1,0
845,5zvyo7,df1iov7,"Just want to start a new life.... My depression has been so bad lately, and I'm so disappointed with the way my life is going. All I want to do is pack all my things and move across country. I want to start a new life somewhere, change my name, cut off contact with everybody I know. If I don't get out of my current lifestyle, I'm afraid I might kill myself.",What's been bothering you lately that you wish to escape?,0,,1,0,0,0,2
846,6fd6q6,dihq7mj,"Useless, hopeless, worthless, pitiful, stupid, depressed, lonely, disgusting, incompetent, meaningless and weak ****. No trigger, just the realisation of who I am.","We all are, in ways. And it's okay.",0,,0,2,1,1,0
847,6f0uz7,diekmds,Brain fog... I don't know what to do please help. I can't concentrate on anything. I'm so easily distracted. I've been running around my house doing pointless things all day. I can't make a single decision. Please help. I'm crying because I don't know what to do. What should i do to make it stop? I don't want this to last all day.,"Pick one things you need or want to do. Relax, be calm, sit down. Focus on that one thing. Complete it. Feel good about completing it and then move on to the next task. Repeat until desired tasks are completed. Look back on the work you have done and congratulate yourself for being strong when things are hard. You can do this friend I truly believe in you.",1,You can do this friend I truly believe in you.|,0,0,1,1,0
848,7bb2u4,dpgp2j1,Girlfriend of three years broke up with me through a text because my depression is too much to deal with. There are no words for how I feel,"If any consolation, she probably cares about you a lot if she stayed with you for 3 years. got her own mental health to take care of, and okay. I hope it bring you down too much. This is a good opportunity for you to focus on your own mental health as well. not saying probable, but maybe she still likes you and would be willing to give it another try when/if you find ways to cope with your depression. take a lot of self introspection and time, however. Stay strong. Get better. Take baby steps. get there when ready.",1,"take a lot of self introspection and time, however. Stay strong. Get better. Take baby steps. get there when ready.|",0,0,1,1,0
849,7msh2o,drwctou,"Hey, I'm bad with words but here. I've never really had friends, but I fell in love with someone, and they used me for personal gain, I'm not antisocial I just care about others more than myself, and the pst week I've been so apathetic I can't eat, can someone help me?",Try to focus on the little things in life that you find joy in. Something I've always struggled with it focusing too much on the big picture and when you do that it often just becomes too much to handle and you get yourself all freaked out.,0,,0,2,1,0,0
850,6d5crp,di1eayy,"It would mean so much for someone to just notice something is wrong and ask if I'm okay. Just once, I want someone to know I'm spiraling down without me having to pour everything onto them. If they'd just be interested enough in my well being to *ask*...","When I read this, I had to think of a girl in our company. I saw her like 2-3 days a week, always with a sad face. So, one day I just asked her, if everything is allright. She said Yes, of course, thanks. How about you? I answered with I'm fine. But I don't believe you. If you're ok, why can't you smile for just... one moment? She said: ... I never knew, that it was that obviously. No one ever told me that. I answered: I guess plenty of people know that something isn't ok with you, but most people just care about their own shit or just don't know what to say. If you wanna talk... I'm here. She ended the dialouge with Thank you.... And she never wrote me again since then. I felt bad somehow. On the one hand, I just wanted to help, but she refused it somehow or I scared her too much. On the other hand... maybe I just made it worse for her, and that's of course not what I wanted. The human mind is a thing, no one can explain. It's infinite.",0,,0,2,2,1,0
851,8qaifj,e0hneov,Pros/cons of diagnosis. been taking anti-depressants/anti-anxiety meds for a little over two years now. They definitely help but never technically been diagnosed and I think would really like to find someone who could diagnose me. Any pros or cons of finding a diagnosis?,"I feel like a pro would be validation. When a psychiatrist told me that yes, I do have anxiety, it really helped me to feel like I wasn't just over reacting you know? Another pro would be future doctors that you see understanding your diagnoses. I can't really think of an con to be honest. It's also possible that whoever is prescribing your medication has diagnosed you already. I would ask!",0,,0,2,2,1,1
852,4lxxt7,d3rwy2j,Think about your family! fuck off. they're half the reason I'm depressed and want to die.,"Yes, tell them to fuck the right",0,,0,0,0,0,0
853,7cwhak,dptbdol,I can't keep going.. It's getting very hard just to put up a fight.,"What currently feeling. If you want you can talk to me. Rant it out, listening",1,"If you want you can talk to me. Rant it out, listening|",1,0,1,1,1
854,7v4grg,dtpihka,I’m hurt.. And I know how to keep on pushing through. I really just want this to end. I even stand looking at myself in the mirror without feeling disgusted. How do I keep on living like this? How? just not possible. May I not wake up tomorrow.,"I don't know why you think all that but I've felt the same... I still feel that way, only less. People don't understand that is not possible to give general advices for concrete problems... I hate when they do it.  It sound that you only wanted to get what you feel out, that's cool. I want to let you know you are the only one feeling that way. I have a big issue with my physical appeareance, I recently started going to gym to improve my confidence but I have to accept that what I hate the most of myself I won't be able to change it.  Many days, I find the energy to keep living thinking that maybe I can help someone that is feeling like me. That really helps me. Many non cannon people achieves a lot of stuff, that makes me feel better many times.",0,,0,2,2,1,0
855,5byw6q,d9se95p,"My birthday's coming up. In less than a month now. I'll be 35. While I have a good job that I really like, and I've taken charge of my life by finally pursuing the hobbies I've wanted to, I still feel lonely and unsuccessful. I don't want to be depressed on my birthday","hey, happy early birthday! treat yourself to something, even if it's something little.",0,,0,0,1,1,0
856,4aoqyh,d127acs,I know I'm struggling but nobody can tell. Sometimes I can't convince myself I'm struggling too.,Sorry to hear that. Are you struggling with anything specific or life in general?,2,Sorry to hear that.|,2,0,1,1,1
857,4vpn00,d60cygm,Weights are the only friends that I have. (: . . . :(,"Yeah, what alak said, for real. God, I wish I had that addiction. How do you get that addiction?",0,,2,0,0,0,1
858,55n4rw,d8c7b5m,"Stuck in a rut. I was ill for 2 weeks, couldn't get in to college. I'm ok now but I just don't have the willpower to get out of bed. I need to go in but I'm just too anxious over it.","Hi there, I hope you're feeling less ill now. Is there something enjoyable that you can get out of bed for? Perhaps a coffee date with a friend taking the same class as you? The walk to class may be less daunting, plus said friend may even lend you notes for the sessions that you've missed.",0,,2,0,1,1,1
859,70rzp8,dn5itqg,Counselor/Psychologist do they actually help?. I been having a bunch of issues this past month. My mom is trying to get me to see a counselor. I just don't see the point. Can someone give me their view/personal experience on this? Thank you.,"This ^, I went from great ones to shitty ones. now i'm stuck with one that barely even tries to engage in conversations and let alone the awkward silence and 2 week waiting periods.",0,,0,0,0,0,0
860,a433st,ebb4fol,Mushroom Effectiveness?. I've read about mushrooms for depression and I'm tempted to try it. Has anyone here done this? Did it work? How long does the relief from depression last? Thanks,tried it personally. One friend told me whenever he does shrooms he depressed for at least a month afterwards. But bad trips are also a risk.,0,,0,2,0,0,0
861,5pc1m5,dcqzatf,who cares if i exist?. today is a sad day. its just one of those days i guess. i'm just kinda done. theres not much to look forward to these days. everything is just kinda the same.,"I care, man. Hang in there, things will get better eventually.",1,"I care, man|Hang in there|things will get better eventually.|",0,0,1,1,0
862,8c9li5,dxd6tg3,I’m so bitter and sad. And it was my birthday yesterday. And the self loathing just rose to an all time high. And there I was thinking my moods were improving. hoping this is just a temporary phase that will pass soon. I just feel so bad,"Just keep moving. Remember your happy moments. They do not lose value, for they are individual moments.",0,,0,0,1,1,0
863,6zs74w,dmxu499,I got fired today. This sickness keeps screwing my life. What now? Is there a website for employers who are depress friendly?,"Wait, you got fired due your depression? Where are you from? Isn't depression classified as a medical condition like any other? Aren't you protected by law against such action? Sorry to read about your situation. And sorry for all the questions. Guilty of being a lawyer :/",2,Sorry to read about your situation. And sorry for all the questions. Guilty of being a lawyer :/|,2,0,1,1,2
864,9avr3o,e4yhfgm,I neither really care to sleep nor be awake. Completely distant and heavy to a significant degree.. Don't suppose anyone else is feeling this way?,A depressed mind wants to stay depressed and so strays away from awake and alertness. I find myself spending to much time doing pointless things like.,0,,0,0,1,0,0
865,ajh8yu,eevvz19,"I always feel so lonely, even though I have a few friends, and I have my family.. Is it just depression kicking in? Or what the heck could I be feeling?",I feel exately the same and killing me (Sorry for bad english),0,,0,2,1,1,0
866,7b5hwu,dpg8it5,The only joy in life i get is cuddling with prostitutes. the only time i feel human. Normal girls even look at me. Girls hate shy guys.,"There are nice confident people, equating those things are why you can't get laid. Source: I can't get laid.",0,,0,0,0,0,0
867,7g53g3,dqgnrm5,Am I the only one ?. Is anyone not going to school or work?,It can. It didn't work for me (only get worse) but maybe it will a good experience for you. I really hope ...,0,,0,2,0,1,0
868,5n5wsk,dc9fbvi,just failed suicide what do i do family is going to know. what the fuck do i do,Why did you want to commit suicide?,0,,2,0,0,0,1
869,a9vdpg,ecnenag,I just dont want to live anymore. Shit fuck im very tired,You are loved and you can get through this.,1,You are loved and you can get through this.|,0,0,1,1,0
870,5z7dka,devy8zf,I feel jealous of all you people that are still young and depressed. You still have time to turn it around.. I on the other hand don't. It's over for me. The loss of hope is a terrible thing.,I used to think that way at that age. Then I hit 35... 36... 38... every time I said fuck it I'm halfway done why bother. Don't fall into that trap.,0,,0,2,1,1,0
871,6z5kio,dmsyv35,Anyone else scared?. Just thinking about how when I lay in bed alone I realize how scared i am of myself/ my brain.,"Yeah, but at the same time, some of us also deny that that's the reason for our unhappiness. After all, how pathetic is it to want something and be sad because we can't have it? The human condition is weird.",0,,2,2,0,0,0
872,5xo8sa,dejmh0k,"I feel like a computer.. I feel like a computer. I feel like I've lost the ability to feel emotion, even boredom. I'm sitting here waiting for an idea for something to do to roll by.",I relate strongly. It sucks a lot dude. I'm just numb now,0,,0,2,1,1,0
873,7rhsvy,dswzg71,Got back from therapist.. and it was useless... she only questioned me why i dont work and why i dont have any meaning in this life... useless visit for a useless person.. well i guess its time to stop this..,"I felt this EXACT way when I first went as well. I felt like it was a grilling of my life, and I even tried to lie and say that I'm mostly 100% happy with my life and that I just wish I had more friends and cleaned the house more. YEAH RIGHT. I'm a mess a lot of the time and have so many problems I dont know where to begin. Eventually once I started to know my therapist and dive into the smaller issues, did she really start to open up and I opened up myself as well. Keep going. The first day is the hardest I think",0,,0,2,2,2,1
874,8zjt5p,e2j8utl,"Not good enough. I am not good enough,idk what to do",What makes you not good enough? Not good enough for what?,0,,2,0,0,0,2
875,a42lgw,ebazulr,Elevated mood for ~6 hours then back to hell?. Anyone else have an elevated mood for a couple hours then right back to depressed? Seems like go a week or two not wanting to live then be on top of the world only for this pattern to repeat itself a few hours later,"Highs and lows, just the cycle of depression, the key is understanding what set you down that low, a bad test score, relationship issues, new work load, money issues. Then once you can identify your triggers you can make some plans to avoid them or change what made you drop in the first place",0,,0,0,1,1,0
876,4hc6l7,d2oxjut,... what's the best way to tackle depression?,"For most people, some combination of lifestyle (food, sleep, exercise), medication, and talk therapy. But obviously it depends on the person.",0,,0,0,0,0,0
877,a5vkiv,ebpjw7x,"Interests change. I feel as when I become more depressed the only thing that interests me is art, I guess so I can express myself. I used to be really artistic as a child. But I also love science. All of that love for science disappears when I get more depressed though.","the same. Whenever having bad anxiety... almost nothing interest me. I want to play games, make music, watch tv, or anything. It sucks",0,,0,2,1,1,0
878,6xbvzc,dmes3ir,Is it normal.... Is it normal to just get random moments of depression that makes you want break up every relationship you have ??,I disagree... I think depression is normal and so is wanting to fuck shit up because you feel like a turd. The hard part is trying to control those feelings.,0,,0,0,1,1,0
879,405f65,cyrmybf,I'm sick of this cycle.. I just really want to die.,"Dude I don't know if it'll help, but as someone who has thought about suicide I know how much it can suck, so if you want to talk about it..",1,"Dude I don't know if it'll help, but as someone who has thought about suicide I know how much it can suck, so if you want to talk about it..|",0,0,2,1,1
880,4r48nf,d4y7t55,Want to die. I feel bad for my husband. I've wanted to die since 12 years old. Turning 29 in 17 days. Can't bear all this pain. Staying here for my husband.,why is life painful for you . you have someone who loves you ? is there voices saying things to you ?,0,,2,0,0,0,2
881,avtvps,ehhn3fb,Why do you guys think the reason is for the steady increase in child suicides?. What do you guys think is fueling this behavior? Are kids learning about it earlier? Are they grasping a sense of time and being earlier? Have family situations or bullying gotten worse? Share your opinions!,"People are being exposed to the harsh reality of life earlier, thanks to the availability and ease of access of information.",0,,0,0,0,0,0
882,7kqtdl,drgpc37,"Does anyone else find themselves compulsively showering?. noticed when my episodes are at their worst, end up taking 4-5 showers a day. not abnormally stinky or anything. It just feels nice and feels like a I guess..? I mean I guess no harm In it, just wondering if anyone else is the same way",Exactly the same. Sometimes its like a way for washing away the thoughts and the hatred towards yourself.,0,,0,2,2,2,0
883,afbvld,edxek26,It's my birthday but it's going to be the same just like any other day. Happy birthday to my birthday twins out there,happy birthday! hope you have a chance to celebrate yourself,1,happy birthday! hope you have a chance to celebrate yourself|,0,0,1,1,1
884,7rzgvi,dt19ap5,"Killing myself one cigarette at a time. Cause why the hell not, its the only thing that helps me gets through the day and sooner or later it'll kill me. win win.","me too, I can go without quite easily, but I choose to smoke like a chimney because at least it provides some sense of calm.",0,,0,2,1,1,0
885,57k6t0,d8ssjnr,Went to the counciling center for the first time today and.... It was worth it. Today was my first experience with counciling and it made me feel much better. Anyone here who has the means to do so and has not please do this. It's worth the effort.,"I'm glad it worked for you. I've been going for a few weeks and so far it hasnt helped, so good that it helps some people",2,I'm glad it worked for you|,0,2,1,1,0
886,6y59xs,dmkuxc2,"moderate panic attacks. I have so much anxiety I have to google if im having a panic attack. I got a 45, meaning my attacks are moderate... dont mind me just thinking about the state of the world and how I dont want to die. I really thought i was okay enough to go without seeing a counselor. Guess i was horribly wrong.","So I'm assuming you don't attend any support groups?? If not, why?",0,,2,0,0,0,1
887,816zx7,dv14u9p,I hate school. School just reminds me what a failure I am,Yes it can be. I feel the exact same.,1,Yes it can be|,0,2,1,1,0
888,4x6q8o,d6d0fhy,"SO Lost and VERY scared. My story is long but I have never felt so lost or lonely or scared in my life and I really need help and advice..... If you ask, I will do my best to explain but I need help and I know it and ...... Please? Thank You","I'll hear you out if you want, I feel lost too.",1,"I'll hear you out if you want,|",0,2,1,1,0
889,9ty291,e9023jw,I'm trying so fucking hard. I swear to god I try getting up early exercising eating healthy going to class but nothing fucking works at the end of the day I still fucking hate myself I'm so tired of it all I just want to be ok but nothing works,"You hate yourself? But who is yourself, what do you hate?",0,,2,0,0,0,2
890,8wgo5f,e1vfi7g,Existing feels like trying to take every breath through a coffee stirrer.. So much effort for so little payoff,Yeah kinda. Hopefully we can upgrade to a real straw someday.,0,,0,1,0,1,0
891,9r595i,e8eas7r,It's the small things. I finally did my laundry after like 3 weeks and I feel a little accomplished :),It definitely is the small things sometimes. Way to go!,0,,0,0,1,1,0
892,74wr8i,do1obbp,Jesus christ I wanna kill myself so much. Not necessary looking for help just wanted to put it out there,I'm sorry to know you've in such a bad place. I've been in that same place some time ago.... Wanna talk about it?,2,I'm sorry to know you've in such a bad place.|,0,2,2,1,1
893,akvlus,ef8ghrw,"Today was the furthest I have been outside in 8 months. I fought my compulsion to visit my ex girlfriend despite a restraining order. Instead, I drove the opposite direction spent about an hour by water and contemplated taking my life.","Glad you didn't. Made you stronger, remember that. You will make it. One day at a time.",1,"Glad you didn't. Made you stronger, remember that. You will make it. One day at a time.|",0,0,1,1,0
894,7jhdkl,dr6eosq,"Coworkers occasionally ask me if I'm okay. It's kind of embarrassing but sometimes I can't fake a smile while doing my job. And several people have noticed that I seem unhappy. It's hard to explain, but I'm guessing this has a negative impact on any advancement opportunities. I wish I was different.","Hey, i think for the upside of it, your coworkers are genuinely concern for your wellbeing which is nice. And if you're doing a great job at your work then there's still chances of promoting! Taking care of yourself comes first always!",0,,0,0,1,1,0
895,4lsbt5,d3q43cn,"Every day, I have to convince myself not to do it..... .....that there's more to life than this. I wonder how long I can keep this up?","Definitely a daily struggle, but it seems like every day there's less and less reason to drag on.",1,"Definitely a daily struggle, but it seems like every day there's less and less reason to drag on.|",0,1,0,0,0
896,77z4gn,doptwxk,Don’t give me false hopes. Be my friend. Be my love. Stay. leave. I thought the one. Stay... Please stay.,Don't be tunnel-visioned my friend. Currently you're seeing only the face of your love. But when you finally get out of the tunnel you'll find someone who was meant for you all along. Let him/her go. We're only humans.,0,,0,0,0,0,0
897,96flbz,e402f8r,Alone. I wanted to help you. I was worried. Stressed. Anxious. Always making sure you were okay. I felt like you needed me. I wanted to be there for you. But I guess you're better now and you don't need me anymore.,I hope that letting that out can put you at some peace.,1,I hope that letting that out can put you at some peace|,0,0,0,1,0
898,5mahh6,dc22rxa,Do you all hate the news too?. It's always more new depressing shit happening in the world.,"I hate T.V in general. All those fake ass shows with acting makes me throw up in my mouth. My parents think that it's 'entertaining because it's real', no, it's entertaining because they're paid to be entertaining.",0,,0,2,0,0,0
899,5kt2mm,dbqhxzy,My roommate keeps joking about my depression. He knows I tried to kill myself and that I am depressed but he keeps bringing it up like its a fucking shame.. One more pain I guess..,"Honestly, tell him to fuck off. You don't deserve that bullshit OP.",1,You don't deserve that bullshit|,0,0,0,1,0
900,8zxzui,e2m9wo2,I'm so stressed I just want to go back to sleep. It hurts to be awake I need a way out,"sorry feeling so stressed right now, OP. Do you want to talk more about your making you so stressed?",2,"sorry feeling so stressed right now, OP. Do you want to talk more about your making you so stressed?|",0,0,1,1,1
901,91fiih,e2xrdso,"today a co-worker said that i look real sad. no no, im just lost in my thoughts haha","Are you okay? Yeah, I'm fine. Honestly? Never better.",0,,0,0,0,0,0
902,6453a9,dg007jx,its quite an interesting feeling starving yourself for a day. i guess dinner tonight will taste even better :D,"Not so long ago, when I was at my lowest low mentally, physically and emotionally, I didn't leave my bed for about 48-60 hours, just once or twice to pee. The weird thing is that I should've felt starved af but I really didn't, just heard my stomach growl every now and then.",0,,0,2,2,1,0
903,aa56eu,ecp2tsa,I'm drowning.. I can't do this. I really can't do this.,I'm drowning too. Everyday. It easy to take shit for granted. I never thought my life would get worse. I thought I was invincible but life fucks you up in so many ways. You need to find some inspirational music and listen to it a lot. Maybe make a goal for something. I know it all seems futile but little things sometimes help. But I know how hard it can be. When you're caught under those dark deep waves. Surrounded by onlookers on their cruise. It's easy to say fuck it but you deserve to be happy.. I hope u can find something that helps you through this darkness.,1,It's easy to say fuck it but you deserve to be happy.. I hope u can find something that helps you through this darkness.|,0,2,2,1,0
904,aowluc,eg43p4t,What do you want to stop?. I need everything to stop. People Life.,Over thinking and running away from myself.Or everything because I don't know what would be better for me.,0,,0,2,0,0,0
905,6u6kfl,dlqc26c,"I know I need to get professional help now, but I am scared to. I don't want to admit to myself or anyone matter of fact that I've been depressed for so long.. I just want to be happy.",Are you feeling that you would be judged? Judging yourself? You should not be ashamed for taking actions that might help you be happier.,1,ou should not be ashamed for taking actions that might help you be happier.|,2,0,1,1,2
906,8290nq,dv8tzyr,"Anyone having a hard time holding jobs because of depression. The longest job I have held was 1.5 years. Before that it was just a few months. Now I can't even get an interview. I have recently moved as I thought that might help, but it hasn't. Just wondering if anyone else is having this issue.","there. Usually just under a year and then I fall into another episode. been through 15 jobs in the past 10 years. Granted some of them were part time when I worked multiple jobs at once but still shows I hold down a job for long. I also seem to burn my bridges too, nearing an episode I start getting physically sick and stress so much more to the point I no call no show. I know how to adult.",0,,0,2,2,1,1
907,5n6rva,dc95yki,Fuck life I want tô die. That is it Everybody lies and if they dont lie i feel like they are because thats what they usually do so fuck this shit Fuck girls even more they just make things worst,It's hard for me to believe my family because of all the lies ans omissions they have made in the past. I just learned to be more gaurded and pessimistic.,0,,0,2,0,0,0
908,5f8vn0,daifo05,"Am now realizing how bad my depression is. Every moment I'm away from my computer I feel the dread sink in my chest. I remember what's wrong with my head. I remember the physical pain I have. I remember *reality*. My mind is blank and I can't think properly, so please forgive whatever this is.",I feel you. Realizing how depressed you really are is pretty scary. Best of luck with all your struggles.,1,I feel you. Realizing how depressed you really are is pretty scary. Best of luck with all your struggles.|,0,1,1,2,0
909,96jroy,e416pv1,I just want to die. but I can't even kill myself right,"You could always leave them and find your own indipendence, sorrounding yourself with the people you love which are not part of your family. Idk your situation actually, but I felt the same way too many times, so lonely and neglected by the ones that should care the most. It happens, but this perception is not necessary the truth. Killing yourself won't solve or change anything.",1,Killing yourself won't solve or change anything.|sorrounding yourself with the people you love which are not part of your family.|,0,2,1,1,0
910,9f5bbo,e5txnpb,I'm done being a loser.. It's time to repress these feelings once and for all.,What makes you a loser?,0,,2,0,0,0,1
911,5258xg,d7his1e,Depressed that I'll never find love.. My biggest fear is not finding love.I see all of my friends having girlfriends and stuff and I am sitting here and wasting my time doing nothing.I've had a few relationships but all of them crashed and burned.,Well you've had a few. I doubt any of us gets a bulls eye on the first shot. Some of us never even had a chance. Give it time.,1,Well you've had a few.|Give it time.|,0,0,1,1,0
912,5c0u7p,d9t7s1s,Suicide victims. Why do people blame suicide victims?,It really boils my blood when people do that. my mother tried to commit suicide and was in the hospital for a few days. My sister and uncle were just talking shit...ugh made me feel pretty furious. My mother has battled depression for sadly the great majority of her life. I cannot begin to understand her mental anguish yet it infuriates when I hear people talk shit about an already vulnerable person.,0,,0,2,2,2,1
913,7uxzbf,dto1600,I feel so alone. I don't want to bother anyone...,You aren't a bother. :),1,You aren't a bother. :)|,0,0,1,1,0
914,66rj6l,dgldm2v,why do i constantly cry for help and turn it down when i ACTUALLY get help. i feel like such an attention whore,"When I felt this way, I came to the conclusion that I didn't know who I was without these feelings. I didn't know what I liked anymore, would I be empty without this sadness? That sort of thought process, it was a lot of fear that drove me away from help. It's natural to be afraid of things changing. But when you feel ready to, these changes are for the better.",1,"It's natural to be afraid of things changing. But when you feel ready to, these changes are for the better.|",0,2,2,1,0
915,430qmd,czepkbw,"My breakdowns are mostly at night/before I'm planning to sleep. At daytime there are at least some things that keep me distracted, but at night, it's only me and my shitty thoughts. I can't remember the last time I fell asleep with a confident/happy feeling.","Same here. Alone in my room at night is the only time I can openly display what I feel all the time and hide from everyone. It's sad but freeing at the same time, y'know? For me, catharsis at its finest.",0,,0,2,2,1,0
916,a40jby,ebbmeki,I had more motivation as a sperm. I won a big marathon against billions lol.,That was my first and last W,0,,0,2,0,0,0
917,7f8o45,dqa5dmd,if you keep on pushing people away and keep on doing this and that you will end up being alone. and i am alone now. i have lost everyone...,"Oh yes, I have heard this many times. The trouble is that no one has bothered to follow that statement up with *how* I push people away. You know? Like, the first time someone said it to me I had no idea it was even a thing I did, but they give me any feedback. Anyone else in the same boat? Point is, OP, I feel ya. And a sore spot.",1,I feel ya.|,0,2,1,2,0
918,5fmudp,dalgqrb,I feel like everyone enjoying life is living a lie.. Maybe I'm just an asshole.,"I feel the same way, but I'm probably just projecting. To my friends and family I look pretty normal, happy and motivated, but in reality I struggle every day just to stay alive. I can't stop myself from feeling everyone else is the same.",0,,0,2,2,2,1
919,8ngnqm,dzwl3pv,"One day I’ll succumb to suicide. Emotionally numb. Constantly drained. Severe brain fog, panic attacks about existential bullshit, isolation. just getting tired of this nonstop cycle.","Me too, that's why I treat everyone like shit. I'm hoping that one day nobody cares about me, even my parents. That day is the day I'll become free from my despair",0,,0,2,0,0,0
920,82vjxb,dvd5jcq,"I don't even know what to say. edit: was drunk, too personal","Yeah bud, same boat. If I'm not working, I'm in bed. Just zoning out not moving. The struggle is real with no real answers",2,"Yeah bud, same boat.|",0,2,1,1,0
921,4atvh4,d13iy12,"My name is jeret. My life is an endless nightmare, and I wanna die",Hi Jaret. Please confirm to me that you are not Jaret from Bowling for Soup. Then please tell us a bit more. We'd love to hear and to talk with you.,1,We'd love to hear and to talk with you|,0,0,0,0,0
922,7uxpna,dto3q3r,Any skin pickers?. it's a terrible way I try to cope.,I bite at my nails and the skin around them. My mom gets really mad whenever she sees me doing it :/,0,,0,2,1,1,0
923,74wgmd,do1ltxg,I'm not okay and I'm not going to be okay.. I've never been okay before. It's all pointless.,"Sometimes, I feel like this is okay though. The not being okay. I think there's this expectation we all have just because everyone else and everything around us shows this picture perfect life that is normal. Also, I get to the opinion sometimes that when none of it matters, it's actually the most liberating, because then I am truly free of my worldly concerns. I don't know. Silver lining and framing and all that jazz. Best of luck, friend.",1,"Silver lining and framing and all that jazz. Best of luck, friend.|",0,2,1,1,0
924,ano3mo,efutiue,I feel like nothing matters anymore. But I'm too scared to go and its pathetic.. Why am I alive? I dont know. I shouldnt be.,It's okay not to be okay. A lot of us in this sub are in the same boat as you. You are not alone &lt;3,1,It's okay not to be okay. A lot of us in this sub are in the same boat as you. You are not alone|,0,0,1,2,0
925,5x02or,dee9vnn,help please. what do you say when someone says everything is wrong,"Ask them what's wrong, what's troubling you, how do you feel, what did you do today, how did it begin, when did it begin. But don't ask like you're interrogating them. Say it in a nice tone. Don't say it gets better, or life is worth living, etc. It's annoying to the person, always. It's nice how you care for them :)",1,It's nice how you care for them|,0,0,1,1,1
926,6a7t5u,dhceqd7,"My grandma died and I just feel numb. My grandma, who raised me and then disowned me years ago for reasons that I think had very little to do with me, died today. I know that I'm supposed to feel something but I'm just as empty and numb as ever. Guess it shouldn't surprise me.","Sorry for your loss, but don't feel guilty, there's probably a reason why you feel that way. Also, your feelings might clear with time.",2,Sorry for your loss|,0,0,1,1,0
927,67jugw,dgr7zfe,What's your distraction?. I make music and exercise. They help when I have the energy for them. What about you?,Vidya. And riding my bike. While contemplating my life.,0,,0,2,1,0,0
928,9cdf75,e59udoo,No one believes in me. Well today is the day even my parents dont even believe in me anymore. I dont believe in myself but they always did until now yay :),"I feel ya, don't worry about it, everything will be fine",1,"I feel ya, don't worry about it, everything will be fine|",0,0,0,1,0
929,a0mo8h,eaizq4p,If I had a gun right now I would kill myself. I really wish I owned a gun. I just want my life to end in a quick and painless manner. done deciding if I want to live or not I know for a fact I even if it hurts my family. I have any friends to hurt with my death so good I guess. tired of the empty feeling I wake up with every morning and the hard work I do just to stay alive when I even want to live. so fucking tired of it all.,"I'm sorry you feel like this. My daughter has tried to kill herself 3 times and I pretty much have been mentally preparing myself for the worst for the last 6 months bc she was so so depressed and non responsive to meds, therapy etc. Then the craziest thing happened...she got involved in an old hobby, met new people she had stuff in common with, and just 5 minutes ago told me that she is going out to lunch with someone from that group. My point is...things can change. I hope things can change for you soon.",2,I'm sorry you feel like this.|,0,2,2,2,0
930,98p0iy,e4hqtnh,I want to die. Why I go back to when things were normal. Hell I even remember that time. I just want to die now,"If you need someone to talk to, you can always pm me",1,"If you need someone to talk to, you can always pm me|",0,0,0,0,0
931,795ia9,dozg3u3,I wish the things I said and wrote didn't sound so cringe.. I use to some what have creativity. Now its all practically gone. I can sit there for hours but nothing ever comes.,"The feelings now are coming out in the most bare form possible, there's nothing poetic anymore, I feel the need to get them out as soon as possible. There is no time to make it sound beautiful.",0,,0,0,1,1,0
932,5rkltu,dd9ln2w,"My mom said dealing with me is like dealing with a disabled child.. I mean, she's not wrong, I can barely get out of bed these days, but still, that hurts.","You got tons to live for in life man. Everyone has their struggles but every struggle can be overcome. The strongest are those who not show there strength in front of others, but those who win battles we know nothing about. Stay strong my dude.",1,"You got tons to live for in life man. Everyone has their struggles but every struggle can be overcome. The strongest are those who not show there strength in front of others, but those who win battles we know nothing about. Stay strong my dude.|",0,0,0,1,0
933,9dg589,e5hoikg,"I hate my mind. social anxiety, bipolar, depression... litteraly what kind of brain did god give me. why do I constantly want to kill myself. I have no friends, no where to vent so im doing it on here ig now.","Genetics are a bitch. I have depression and anxiety throughout my entire family. No one batted an eye when I told my mom I wanted to kill myself in 10th grade. It was like ahh she's arrived at the depression, we've been waiting for this. Like it was puberty or something. I don't want to die anymore but everyday is a struggle for happiness and taming my anxiety feels like a full time job. You're not alone my friend.",1,You're not alone my friend.|,0,2,2,2,0
934,7u0msq,dtglkv9,Might climb a really tall building tonight. Always wanted to do it. I wonder what would happen if I slipped. Who would care?,"Especially family, they flip right the fuck out. I'd care, too. Don't do it, astresc.",1,"I'd care, too. Don't do it, astresc.|",0,0,1,2,0
935,674r37,dgnu0gx,I feel like I'm too mentally ill to be loved. I just feel like if someone ever wanted me they'd walk away from me because of my anxiety and depression. I feel like I'd scare them off and they'd be incapable of loving me.,"your illness does not make you any less deserving of love, nor any harder to love. can it make you harder to deal with? yes. and not everyone will be able to deal with it, and you can never ask anyone to. but someone who cannot deal with it is not right for you. i am one of the people who choose to deal with it, my bf is severely depressed and has anxiety. i don't love him any less for it, he was already suffering from it when i met him and i still saw right through it, saw who he was. (kind and excitable and loving) when you're suffering, first and foremost what you need is to get better. being loved, by family or friends or a partner, is part of that. having a partner is not essential, though. i can talk about this for hours if you want me to, but it's important for any relationship you have to be healthy and not turn toxic. you are not a burden, you are not unlovable. at this point in your life people who you have close relations with have to be able to understand and support you. and you deserve that, and those people exist. it can be hard to imagine, when people are depressed their life is usually not in a state where they're very connected to like-minded people. but anything can happen, and things can change. and even without change, you can encounter great things. i can tell you about my experience if you ever want.",1,"your illness does not make you any less deserving of love, nor any harder to love.|i can talk about this for hours if you want me to, but it's important for any relationship you have to be healthy and not turn toxic. you are not a burden, you are not unlovable. at this point in your life people who you have close relations with have to be able to understand and support you. and you deserve that, and those people exist.|",0,2,2,2,1
936,9gcz5u,e6agbjz,"What do you call someone,. who has the solution in their hands, ready to use instantaneously, and yet doesn't do it and chooses to continue whining about their life?","not sure. I whine about life all the time but if I had the solution, use it right away. be gone tonight!",0,,0,2,1,0,0
937,a1oqwc,eat55zd,Does anyone else get really anxious/paranoid that people don't like them?. I'm struggling with this lately :/,No because I know it's a fact I'm unlikable,0,,0,2,0,0,0
938,8pgpb0,e0bd62e,Can you will yourself to die. I'd really like.to not wake up tomorrow,"Aw don't bc you pass the depression on. I'd kill myself if I opps someone out of thier life, know what I mean. If I could just stop this depressive shit by just me living it last I'd do it even though this SUCKS!! Be safe",0,,0,2,0,1,0
939,aq6thj,egdsxp0,"I can’t get up. I am in bed awake. I need to go to work, but I move. I feel awful about it, I just need to get up. I took yesterday off, I take today off too","Good, glad. Do your best at work and I wish you the best :)",0,,0,0,0,1,0
940,5gr8g5,db07j0e,I feel like there's no particular reason to my depression. But then life decided to add a few.,"There will very likely be a reason to your depression as depression doesn't really start from nothing, sweetheart",0,,0,0,1,1,0
941,9f7pko,e5uor2c,"I'm starting to think my girlfriend is part of my imagination. Just thinking about her seems fake. Idk how to describe it, like when I think about what we did it doesn't feel real. Idk why. Something just feels off.",Maybe because you can't think of someone that might love you because you can't love yourself,0,,0,2,0,0,0
942,8iugtk,dyuqw32,Has medical marijuana worked for other peoples depression?. I'm just curious about peoples ideas on the matter.,"It helped at the beginning of my marijuana usage when I was smoking maybe 2-3 times a week but if it can spiral out of control pretty quickly to where it creates a vicious cycle of abuse. The marijuana also blew my anxiety through the roof. In my experience, the depression will come back once not high (and sometimes even worse than it was before getting high) which has the potential for psychological dependence. Within 9 months of beginning self medication I went from smoking like $10 worth 2-3 times a week to 2-3 times a day so beware. By the end of the 9 month period I was spending about $200 a week on weed. Would possibly recommend but i think the best idea for those with addictive/binging personalities because you could end up seriously abusing it during massive depressive episodes.",0,,0,2,2,1,0
943,8h5o9d,dyhwhc5,I hate myself. I hate myself I hate myself I hate myself,Same.. no place for me in this world.,0,,0,2,0,0,0
944,aow3l9,eg40ecq,"I hate not knowing why. I was diagnosed with depression and anxiety when I was 14. That's almost 4 years ago and I still don't know why I am like this. I have more than enough, yet there are moments where I feel like there's no hope nor a bright future waiting for me. I feel alone and abandoned even though I have friends who know that I am depressed and am like this sometimes. I get so frustrated when I can't find out why I just can't be normal. Everything was alright about 2 hours ago, but it just changes so quickly and hard that I almost feel suicidal. I'm a fucking mess...","depression. not sadness which is caused by something and is healthy. Depression is an actual mental disorder which commonly goes untreated. The best things you can do for depression is first of all, not hiding it, tell your loved ones so they can help you. also get a therapist, very helpful and help you cope with depression and get over it. If you think really bad you can see a doctor and see if medication is a good idea. I take antidepressants and my depression is gone, it change you like I originally thought it would, it just makes me the same but not sad all the time.",0,,0,2,0,0,0
945,8dlors,dxo4dca,I'm a fucking idiot.. Just a stupid pathetic fucking idiot.,What went so wrong that you think that?,0,,1,0,0,0,1
946,973eqv,e45b2k5,"Having a severe existential crisis. Honestly, I don't know how to solve this problem, it's ruining my life because I don't want to do anything anymore knowing that it is all meaningless. Is there a way out of this place or do I simply accept that I don't matter?","I've gone through an existential crisis as well. There is a lot of enlightening advice out there to help you through it. Try reading Peter Wessel Zappffe's writings and Man's Search for Meaning by Viktor Frankl. If nothing else, try to find a purpose. In my own experience, existential crises don't just go away. You've got to confront them head on. Force a change, create a mission for yourself. The worst thing you can do is nothing, and succumb to the negative feelings that come with the crisis. Attack it with whatever you have.",0,,0,2,2,1,0
947,5ith76,dbavdkj,"Do any of you guys feel like me?. For some background, I'm 18 and in my freshman year of university. For a couple months now I've just been feeling sorta weird. It's like a long funk. I don't know how to describe it. If I had to choose, I'd say I feel empty or indifferent. I'm still able to laugh and find things funny, but a lot of the time I just feel like a machine, doing things because I have to. My motivation is minimal. A part of me is just not transitioning very well from high school to university. I don't like it here and I don't know how to describe it, either. Maybe out of place? Not fitting in? The environment here is just cold. I've been looking forward to sleeping more lately, but I dunno if that's just my exhaustion from late night studying/work or something else. I think I failed my chemistry exam and the course and it doesn't really phase me. I don't know what's wrong. Am I depressed? Do you guys feel similarly?","Sounds like apathy to me. I'm guessing you feel kind of lost and without a direction and you just are following the path that you feel is required of you. While apathy is one symptom of depression, it doesn't necessarily mean that you have depression. By no means am I downplaying depression or trying to convince you that nothing is wrong because there isn't any on true definition of depression. I felt like you for a while, just a few small pleasures but nothing really else. For me, it went away after a few months. If you want to talk about it more or anything, feel free to ask anything. My only advice is don't give up now, because if it goes away, you'll regret a lot of things that you stopped caring about.",1,"If you want to talk about it more or anything, feel free to ask anything.|",0,2,2,1,1
948,a14pnt,eamrieq,I feel like I miss an old friend I never had. Sorry if that doesn't make sense that's the best way I can think of putting it,"I get it. At some point a few years ago I stopped being able to feel joy. Even when I'm feeling stable, I still don't feel *happy*. When I've described this to my therapist and psychiatrist, they challenge me on it -- you talk about good things, don't you feel happy when those happen? -- but I know the difference. It is very much like an old, lost friend. I actually might use that metaphor in therapy this week.",1,I get it.|,0,2,2,2,0
949,9g7kb2,e622774,I feel so sad and lost. I really know what doing anymore... today starts my vacation from work but all I feel is sad and depressed,Sometimes when off work is actually the worst thing to do.... I feel better when work because interacting with people. But other times I would feel so alone even though there are so many people around me. Drive somewhere far away that you love. Please reach out if you like to talk :) Dao from CA,1,Please reach out if you like to talk :) Dao from CA|,0,0,1,1,0
950,5hshpm,db2tz3c,"I think I just don't enjoy living as much as normal people.. It's not that I have more problems than the average person, I just don't enjoy being alive.",This world is not for everyone. Certainly not for me,0,,0,0,0,0,0
951,abdhg8,eczkoag,I’m going to kill myself in a week. I just thought someone should know,"Please maybe someday soon something will go right, happen for me but maybe for you",1,"Please maybe someday soon something will go right, happen for me but maybe for you|",0,0,0,0,0
952,80g9wt,duvogbx,Poetry. I need to feel warm Not to feel alone I need to stop the harm And melt my heart of stone,I like poems (but the ones I write are bad). Do you have any more you want to share with the world?,0,,0,0,0,0,1
953,atzxaj,eh5krc9,Anyone else raised by a depressed parent?. I was raised by a depressed single parent and I ended up being depressed from a young age. I feel like all I know.,"My dad was depressed. He had a lot of mood swings, which were difficult to deal with as a kid. And made me feel very worthless",0,,0,2,2,1,1
954,94i3bn,e3lqxjm,"The dilemma I'm facing every day. Don't be sad and quiet, people don't like sad and quiet. Don't pretend to be happy and cheerful, people can feel you are pretending, and they don't like disingenuity.","But then it can be even worse.. If we honestly, truly act like we feel 100% of the time, there really isn't much hope to establish any real connection to anyone.. It's really fucking difficult to wear a mask all the time, but at least it's marginally better that being alone all the time, isn't it? Most people don't want to associate with someone who is severely depressed and deathly anxious, and I can't even blame them.. If I do act like how I feel, I'm probably a nightmare to be around, because there's an aura of sadness and hopelessness that surrounds me. How can I expect anyone to approach me? Even if there is someone who does, it would be crazy to expect them to completely accept a miserable wreck like me. I mean, I can't just take and not give.. And then there's the people who act all smug and give you all that fucking moronic rose-tinted glasses shit with an air of superiority, a la /r/wowthanksimcured, and you feel even worse. It does feel like shit, but I've managed to construct separate personalities for interacting with my family and for anything job-related, because at a workplace, nobody gives a fuck if you're rotting on the inside due to over a decade of depression, anxiety, and self-hatred. So, while I wish I could agree with what you say, it's just not applicable..",0,,0,2,2,1,0
955,4aritv,d12y8a0,"wish I were dead :(. About 19 years ago, I tried to kill myself by swallowing 31 extra strength sleeping pills - and I had an amazing spiritual experience. So now I know that killing myself will just make it worse and that I can't die until God takes me himself. That doesn't stop me from wishing I were dead. I recently saw a doctor because I had some throat cancer symptoms. Unfortunately I didn't. My soul feels like it was stabbed multiple times. The thought of maybe having to live 30-40 more years is the worst feeling I have ever had since the hours before my suicide attempt. :(","It isn't easy to deal with feelings of wishing we were dead, somehow escaping this world will resolve our matters. I tried taking my life multiple times as a teenager and always felt neglected and still do. Not a day goes by where I don't think how the world and people around me would be different if I was gone, either for better or for worse. I always try to remind myself that I keep myself on this planet to make the world a better place than I left it, as much as I want to leave the world right now, I fear we would just be losing to the enemy.",0,,0,2,2,2,1
956,5egkua,dacfmla,I broke down crying in my room but I stopped because I realized crying wasn't gonna help me cure my depression. If only tears could show the way and sorrow could build a staircase,Hmm. Crying is just a kind of release valve for me body. It cries when it can't take anymore. Trying and failing to help myself is a permanent thing before that.,0,,0,2,1,1,0
957,9b9mrw,e51kcol,Unemployment. Do you get depressed without a job? What do you do during a day if not at work?,"&gt;Do you get depressed without a job? Yeah.I feel useless and like a burden for my family.What good I am for if I can't keep a simple job in a chocolate factory? &gt;What do you do during a day if not at work? Read self improvement articles,watch porn and masturbate,and clean my house. My advice for you you find yourself jobless is: # Do not waste your time. Do not lock yourself in your room and watch porn&amp;masturbate all long.Find something useful to do with your free time.Recharge your batteries.Start working out,you don't need to go to gym,just take a run in the morning and one in the evening.Build your emotional resilience.I do this by reading about it first (I am in the process of finding out what it means and then I have to apply it).A good start is r/Stoicism.Make yourself useful - clean your house and take care of your pets. After that start looking for another job and do not despair.",1,"Make yourself useful - clean your house and take care of your pets. After that start looking for another job and do not despair.|Recharge your batteries.Start working out,you|",0,2,1,1,0
958,a32x96,eb48qrn,I feel bad because there are people in the world who live through war poverty and violence and they wish they had privileges like mine yet i am crying and whining. I know i am entitled to my own feelings lol but no matter what anyone says or what advice they give im always going to be consumef with guilt for being this way,Depression is a disorder that you ask for,0,,0,0,0,0,0
959,7lv01n,drp7160,"So the options are either dying in misery or living in misery, either will hurt others and either will be considered ones own fault. You can force someone to stay alive, or to die, but you can't force anyone to truly live, not even yourself. It's kind of an unfair expectation.","It is unfair. Modern psychology/psychiatry is completely incapable of helping those who are in severe pain with lifelong battles with mental illness. It often feels like we are just vehicles of pain who live so that others don't suffer from grief should we commit suicide. As we develop a greater sensitivity to the cost of mental illness, policies and social norms will change: Some countries now allow for euthanasia for those with chronic and unbearable mental illness. But what's strange about all of this is, even though I'm certain I have the right to kill myself because I'm miserable everyday, I am pulling for you to live, even though you're a stranger on the internet. I have hope for you and I don't even know you. I want you to wait it out, to battle it out, not because you owe me or anyone else, but because I think there might be something better for you in a day or a week or a decade from now. What have you tried so far to get some relief? Has anything worked? What can you do that brings you moments of enjoyment?",1,"I have hope for you and I don't even know you. I want you to wait it out, to battle it out, not because you owe me or anyone else, but because I think there might be something better for you in a day or a week or a decade from now.|",2,2,2,2,2
960,88x2l7,dwnvlat,"When does it get better?. I've been on an ssri for three months, running 5km nearly every day, and seeing a counsellor. I feel like I am getting worse. I'm losing all motivation to continue putting in any effort what so ever to be better","I'm in a really depressed mood right now, which caused me to say it doesn't. But if you're losing motivation right now, there are many many ways to feel better that I'm guessing you haven't tried. And I think these things are individual, so it's hard to find the certain things, but I know you can do it. And maybe try a different counsellor if they aren't the best fit. How's your diet? How are you doing socially? So never lose hope.",1,I know you can do it.|So never lose hope.|,2,2,1,1,1
961,5uve45,ddx90mz,Haven't had suicidal thoughts for a week now.. I feel... decent. I haven't thought about suicide even if my mind has been clouded with anxiety and I almost had a panic attack in the middle of class. I guess this is kind of a milestone. Let's just hope next week doesn't shit on me.,I'm so happy for you! This is definitely a good sign.,2,I'm so happy for you! This is definitely a good sign.|,0,0,1,1,0
962,4nsw4k,d4f9t2i,"After effects of depression meds. Hey everyone, I've been on meds (cymbalta) for about 6 months and my life has completely turned around since then. I broke up with my ex of 5 years and fell into deep depression where I was contemplating suicide. Went on the meds and my life has turned around completely. The only thing I would like to say is that I can't feel excited, or having feelings of love or connecting with someone. Could that be the meds also? Like I get they take away the lows but I'm wondering if they take away the highs also.",I don't really know if it's the Cymbalta. I haven't experienced that myself when on it. How long have you been on it? Maybe it's still building up?,0,,2,0,0,0,1
963,466pmy,d02vsjo,"I've lost my will to draw or write stories, nothing invokes any wonder to me anymore.. help what is wrong with me","I lose my will to draw a lot when yhings are rough. I have to force myself to pick up a pen / pencil some days, or I won't produce anything for months. There isn't always a reason, I just feel down sometimes, you know?",0,,0,2,2,1,1
964,4krh10,d3hdy1l,"What is the excuse you usually use to hide it?. Every now and then when someone notices something, I just say that I'm feeling tired and didn't get some sleep, or that I had something else to do. Now too many people are noticing stuff, so I'm wondering what you guys use as cover up?","People never notice, I've gotten really good at hiding it and compensating by being an asshole. Truth is the vast majority of people either don't care or don't even pick up on it in the first place. Well off to bed gotta put on the mask and go to work in the morning.",0,,0,2,0,0,0
965,7d27yu,dpuh414,Anybody else just zone out when they're depressed?. It's like I'm not even there.,"I do. It's like you're on pause, but your problems aren't..",0,,0,2,2,1,1
966,511gnt,d79eey5,Wish my parents would die so I could commit suicide. I don't want to be alive.,"My current goal is to outlive everyone that cares about me. It seems like the nicest thing I can do for them, and it also grants me a chance to figure stuff out. All of my self-preservation instincts are driven off of the pain I would cause loved ones if something were to happen to me, in all situations, and that fear is what keeps me going during the worst of it. If you can't do it for yourself, try to carry on for someone you care about.",0,,0,0,2,1,0
967,a68do7,ebtgbvc,I have to go to work in 45 minutes. I tried calling off by lying about being sick but I find anyone to cover for me. I know how manage honestly.,Being a wagecuck is hard I feel you,1,Being a wagecuck is hard I feel you|,0,0,0,1,0
968,6bmti1,dhnx07n,"Help. I'm stuck between recurring suicidal thoughts and fear of death. I don't want to live, but I can't bring myself to an end... does this make any sense??",That's a pretty good summary of the last several years of my life. On an unrelated note: you like penguins? I like penguins.,0,,2,2,0,0,0
969,4wjcb8,d67imqe,I just found out she was cheating on me.. I feel numb. I want to die.,"Eff that thing, let's go for a beer and let her know she means nothing to you now. Passive aggressive may not be the best, but I had a friend who did the same for me when I found out I was cheated on. He took me out to a bar, shot the shit with me and it really helped connecting with someone who cared enough to be there for me, I hope you've the same friends (if it fits your life style). I'm always down for a solid IPA!",1,I hope you've the same friends (if it fits your life style). I'm always down for a solid IPA!|,0,2,2,0,0
970,3ytc81,cygejhp,"Trying to gain the courage to drive myself to the mental health crisis center. This is terrifying. I know I need to do this.. No need to comment, I just felt like I needed to share. Perhaps being held accountable will help.","I've been there. Terrified of being labeled, getting locked up or my child taken away. Losing my job, as the sole breadwinner that's the last thing I need to have happen.Truth be told, I should have done it much sooner rather than trying to stick it out for 2 years. You wont regret it.",1,You wont regret it.|,0,2,2,1,0
971,77yhod,dopocf2,I am depressed because I am a hopeless romantic. Which should never exist... Life makes love looks so fucking hard. No one wants me. I don't feel reciprocated. I feel self-entitled at times. I just wanna be wanted.,I'm sure you will see your way through. Just don't do what I did. Don't rush I to a relationship and don't have your head in the clouds thinking that its going to be heaven on earth. Don't be blinded from your emotions and always pay attention to reality.,1,I'm sure you will see your way through|,0,2,0,0,0
972,90wh5n,e2to3uy,I hate going to sleep knowing I’ll wake up in the morning.. I wish just end already.,"I understand. You regret going to sleep knowing that when you will wake, it will all be the same. Nothing changes, same problems different day. But I have realized, slowly and painfully, that the changes won't happen unless I make an effort to try and change things Currently I keep getting pissed at myself for staying up as late as I do, drinking myself to sleep, and hoping that in the morning, something new will happen instead of what really is going on in my life. The point I'm hoping to make is that we need to make the effort of change if we really want to change how our life's are headed, and we need to hold to that change.",0,,0,1,2,1,0
973,8xv7oy,e260kt8,I feel like I am slowly decaying in this house all alone and no one cares. Every day is the same. No one messages me. No one cares. I have nothing.,"I feel like that everyday, my family just walks past me and says nothing. But I feel its blatant disrespect, as I could be using a light and come turn it off while using it... sucks. No one texts me, when I try to play games no wants to play. I have nothing as well, and I honestly want to go...",0,,0,2,1,0,0
974,askar7,eguxlkl,"I dropped out. One semester short of a bachelors in math. Ended a year long relationship. Quit my job. not sorry for leaving, sorry I stayed so long.",I like your conviction. Sometimes cleaning the slate is what you need. What's next in the life master plan?,0,,1,1,1,1,1
975,8fsmdm,dy6bweh,Just don't be tired!. Thanks. All of my problems just vanished.,Wow great fucking advice. I no longer have to be sad or anything. You know cured. going to go dance on rainbows!,2,Wow great fucking advice.|,0,0,0,0,0
976,47jmki,d0djxlk,what is the easiest way to kill myself. I have no reason to live so please help me,"Sometimes you really need to be reminded of that other side and that you will in fact return to it. Don't make any big decisions when in the heat of the moment. Focus on other things (TV shows, artistic endeavours, school, etc) and return once you've cooled off. Good on you for reaching out for help, my friend. Despite these people not knowing you, we're all in this together. Keep your head up",1,"Despite these people not knowing you, we're all in this together. Keep your head up|",0,0,1,1,0
977,9cx1ww,e5e1srw,I hate myself. I absolutely hate myself I hate the way I look I hate the way my body looks I hate my brain I hate myself I hate myself I absolutely fucking hate myself,Could be worse. Hate is still an emotion.,0,,0,0,0,0,0
978,agt7ix,ee936zr,"What is the threshold of how bad things should get to decide to kill myself?. How bad should things get till I should just honestly consider ending it all? Emotionally, physically and financially just in a black hole and only getting worse and I really have nothing, and the world looks like about to get really fucked up anyway. really considering just doing it already","Please call a crisis counselor ASAP. Call your own therapist if you have one, let their answering service know you are in severe crisis, or head to the nearest ER and tell them you are having a mental health crisis. There are other ways to deal with this besides suicide. I have been there. Things have gotten better. I do struggle with at least a few things every day but not the way I do during what I call a crisis. I'm actually in a small crisis state right now, which led me to this board and trying to do the things my therapist has given me to do in the past like up my seroquel and ativan and rest as much as possble for a few days.",0,,0,2,2,2,0
979,4u0zy4,d5mdb8t,I like to sit outside in the rain because I feel as if everyone else in the world is crying with me.. Anyone else feel this way? One comment/upvote and I'll feel some sense of comfort. Thank you,"I like the rain because it feels cleansing, like it could wash everything away so that we can start fresh. It's oddly uplifting.",0,,0,2,1,1,0
980,6do7xh,di4r3g7,"You used to be that guy that everyone like and now, you just seem broken. What's wrong?. Do I? Oh, I didn't really see it. Thanks for showing your concern but I'm fine.","Funny how pharases like that say everything you know, give an answer why you are depressed and then ask you why are depressed.",0,,0,1,0,0,0
981,63uwwf,dfx6357,Forget them. Don't you wish you could forget them the same way they forgot you?,The mind replays what the heart can't delete.,0,,0,0,0,1,0
982,94he9x,e3l2pgj,"Hang myself so much I've moved up to face cutting. There are times where I would like to smash a wine glad into my face, or fantasise about having my head smashed in. Today I started cutting my face.","Why the heck do we hate ourselves?! Man such as crappy lie we have bought from seriously the pit of hell. Nothing else could be so evil as to make us not believe we are worthy and deserving of a good life just as much as everyone else. Sorry to get weird there, it just makes me mad that anyone has to feel this way about themselves. Anyway, I have one scar on my arm from one time that I tried that and there forever. It still makes me sad when I see it. so sorry for what pain you are in. There will be a time in your future where you will not feel so much pain and will hopefully even feel better about yourself &amp; the future you will be so thankful if you permanently scar your face.",2,so sorry for what pain you are in|it just makes me mad that anyone has to feel this way about themselves.|,0,0,2,2,1
983,66dzjf,dgi8rga,"Asking girl out ended just as I expected... Didn't happen unfortunately, she was already taken.. But she did say (in a very real way) that if she were not with her current bf that she would date me. That was nice to hear :) but still gonna feel the depression for a little while after today..",I can't decide if I would feel like crying a bunch after that or not,0,,0,1,0,0,0
984,52bpyk,d7j4aae,How am I supposed to convince my best friend that she shouldn't kill herself when I'm thriving to do so myself?. Like cmon why is this supposed to be so difficult? Just end my life...,"It's so hard to not be hypocritical in this situation. She's your best friend, right? That must mean you care for her. Sometimes just saying you care and support her can do wonders.",0,,2,0,1,1,1
985,7d1vx6,dpuiteh,My boyfriend says I am the most kind person he's met.. But he told me today that I am becoming a mean person. I don't know what to do.,"ask him what about you does he think has changed, and try working from there. Maybe he's just trying to understand you better but didn't really know how to approach the situation",0,,0,0,1,0,1
986,54uxww,d856gx8,Wish me bday!. I have been severely depressed since last few weeks and thought my bday would be just as awful. But it's actually turning out great. I am actually happy it's my bday ! :),HAPPY BIRTHDAY!!!! I'm glad it's a good day!,1,HAPPY BIRTHDAY!!!! I'm glad it's a good day!|,0,0,1,1,0
987,563yr1,d8g4n89,"Why does it always come back?. Every year, it's like clockwork. It always comes back. I can always feel it slowly slipping its way in, and I can't do anything to stop it.",It's a disease; a lot of people that don't understand what we go through don't see it this way. But it's like cancer or a recurring cold; it's part of us and will return. Our best bet is to be mindful of what the warnings are and prepare.,0,,0,0,1,1,0
988,7o1kqy,ds6491j,Therapy. My therapist is thinking about terminating me seeing her due to the fact that im not making any progress. What the fuck am I supposed to do afterwards? Suffer with mental illness? Get medication and hope it helps? Go to a physiologist? Im confused and scared and I just want to get better.,Go to a better therapist.,0,,0,0,0,0,0
989,4i3mse,d2uu0fb,"My dog has cancer. She has cancer in her nose, and over the next few months im going to watch my childhood friend struggle to breathe more and more until the end. Is this all my life is going to be, just watching things I love suffer and die? Whats the fucking point.","I'm sorry to hear about your dog. Losing a pet is a tough thing to go through. Is it possible to have her euthanized? To save her some pain and you some emotional suffering? Honestly, I think that would be best, if it's at all possible. I had to watch my dog die years ago. It still haunts me because of how much she suffered and how little I was able to do to help. *-hugs-*",2,I'm sorry to hear about your dog.|,2,2,2,2,1
990,45q95z,czzhr0k,how to know whether .... I am depressed because I don't do anything or I don't do anything because I am depressed ?,"I can't speak for you, but I don't do anything because I'm depressed. I used to do things but gradually started feeling worse when I'd go out. Now when I try to make plans I can never follow through with them. I feel so bad about myself that I can change my mind about doing things very quickly.",0,,0,2,2,2,0
991,6xxcss,dmjdnyg,I feel like if I had someone to hug IRL I would be so much happier. Too bad I can't even tell my family about my depression...,Yes. I will never tell anybody about my depression. Kinda sucks,0,,0,0,0,0,0
992,7htaxo,dqv9tec,If you had one wish.... What dream profession would you choose?,Always wanted to be painter. Unfortunately my drawings are not even worth. I do enjoy drawing and painting even though it is abysmal.,0,,0,2,1,1,0
993,48rl93,d0lzya7,"My last love was my last love. Fuck this being in love isnt worth the pain when it ends. Im done trying to have proper relationships, when I next manage to get a job I'm just gonna start seeing prostitutes. Only female attention ive ever got any chance of having in the future anyway so fuck it.","I completely understand. The way I felt for my ex was unlike anything else. I never had such a connection with any other person before. It's been about 8 months since we've broke up, I'm still grieving. It's made me fall back into depression. I always thought I could do things myself, but I just realized recently that I can't. I can't always do things alone. I really just crave affection and appreciation.",0,,0,2,2,2,0
994,7a4g7n,dp6zywr,"Turning 27 soon, and have no motivation, or plans for the future.. Am turning 27 soon, and I spend my day in bed doing nothing.",18.....no motivation either feelings like shit,0,,0,2,0,0,0
995,989z4k,e4eey7a,"I'm just pathetic compared to everyone else.. 20 going on to 21, and I fuck all about what I'm doing. My resume is blank slate, University grades are barely passing and I've been unemployed for 4 years. I've never felt like an adult, just an emotionally stunted man-child. Fuck me.","pretty normal for our age bracket. The 20s are a fucking catastrophe where finding yourself and acclimatising to adulthood is concerned. A lot of people feel that way so go thinking all alone in that. 24, dropped out of my animal husbandry degree, started a science one, dropped out of my forensic science degree, had a string of jobs that never last over 5 months and as emotionally stunted as they get- trust me. On the pathetic scale up there too. But not to say you change, you have to just put in the effort, or fake it till you make it.",0,,0,2,2,1,0
996,72txzu,dnlf9j9,I'm not good at this whole Being human thing.. But I'm going to start trying a bit more.,"Me too I'll help others,plant trees or something.Perhaps its others happiness that will make me a bit happy too",0,,0,2,1,1,0
997,9jzn8c,e6vkbd2,Time for another depression nap. Seems like all I do or look forward to,"been taking a depression nap all day, even left my bed.",0,,0,2,0,0,0
998,5k0z63,dbkic0q,It's Christmas Eve Eve. but i just want to cry :(,"Its just another day, but another day of triumph because you're still here. It may seem insignifigant, but you are fighting a very difficult war, and today you won the battle. Stay strong OP. Much love.",1,"Its just another day, but another day of triumph because you're still here. It may seem insignifigant, but you are fighting a very difficult war, and today you won the battle. Stay strong OP. Much love.|",0,0,1,1,0
999,4vesnr,d5xuefn,Waking up and thinking is it thursday or friday.. No wait maybe it's wednesday.... Then you remember that it's actually Sunday. -___-,Some days I go the whole day without even knowing what day it is. And fuck I hate weekends.,0,,0,2,1,0,0
